-- phpMyAdmin SQL Dump
-- version 4.9.5deb2
-- https://www.phpmyadmin.net/
--
-- Máy chủ: localhost:3306
-- Thời gian đã tạo: Th3 02, 2023 lúc 06:26 AM
-- Phiên bản máy phục vụ: 8.0.32-0ubuntu0.20.04.2
-- Phiên bản PHP: 8.1.16

SET SQL_MODE = "NO_AUTO_VALUE_ON_ZERO";
SET AUTOCOMMIT = 0;
START TRANSACTION;
SET time_zone = "+00:00";


/*!40101 SET @OLD_CHARACTER_SET_CLIENT=@@CHARACTER_SET_CLIENT */;
/*!40101 SET @OLD_CHARACTER_SET_RESULTS=@@CHARACTER_SET_RESULTS */;
/*!40101 SET @OLD_COLLATION_CONNECTION=@@COLLATION_CONNECTION */;
/*!40101 SET NAMES utf8mb4 */;

--
-- Cơ sở dữ liệu: `football`
--

-- --------------------------------------------------------

--
-- Cấu trúc bảng cho bảng `club_entity`
--

CREATE TABLE `club_entity` (
  `entity_id` int NOT NULL,
  `name` varchar(50) DEFAULT NULL
) ENGINE=InnoDB DEFAULT CHARSET=utf8mb4 COLLATE=utf8mb4_0900_ai_ci;

--
-- Đang đổ dữ liệu cho bảng `club_entity`
--

INSERT INTO `club_entity` (`entity_id`, `name`) VALUES
(2, 'teASfa');

-- --------------------------------------------------------

--
-- Cấu trúc bảng cho bảng `eav_entity_type`
--

CREATE TABLE `eav_entity_type` (
  `entity_type_id` smallint NOT NULL,
  `entity_type_code` varchar(50) DEFAULT NULL,
  `entity_table` varchar(255) DEFAULT NULL
) ENGINE=InnoDB DEFAULT CHARSET=utf8mb4 COLLATE=utf8mb4_0900_ai_ci;

--
-- Đang đổ dữ liệu cho bảng `eav_entity_type`
--

INSERT INTO `eav_entity_type` (`entity_type_id`, `entity_type_code`, `entity_table`) VALUES
(1, 'league', 'league_entity'),
(2, 'club', 'club_entity');

-- --------------------------------------------------------

--
-- Cấu trúc bảng cho bảng `league_club`
--

CREATE TABLE `league_club` (
  `league_id` int NOT NULL,
  `club_id` int NOT NULL
) ENGINE=InnoDB DEFAULT CHARSET=utf8mb4 COLLATE=utf8mb4_0900_ai_ci;

-- --------------------------------------------------------

--
-- Cấu trúc bảng cho bảng `league_entity`
--

CREATE TABLE `league_entity` (
  `entity_id` int NOT NULL,
  `name` varchar(255) DEFAULT NULL
) ENGINE=InnoDB DEFAULT CHARSET=utf8mb4 COLLATE=utf8mb4_0900_ai_ci;

--
-- Đang đổ dữ liệu cho bảng `league_entity`
--

INSERT INTO `league_entity` (`entity_id`, `name`) VALUES
(173, 'Ả Rập Xê Út King Cup'),
(220, 'AFC Champions League'),
(168, 'AFF Suzuki Cup'),
(49, 'ALG D1'),
(56, 'Anh Isthmian League Premier Division'),
(14, 'ARM D1'),
(129, 'Bangladesh Premier League'),
(6, 'BEL U21'),
(15, 'BHR D'),
(48, 'BHR D1'),
(132, 'Bỉ National Division 1'),
(188, 'Brazil Campeonato Carioca'),
(221, 'Brazil Campeonato Paulista'),
(81, 'Các Tiểu vương quốc Ả Rập Thống nhất Arabian Gulf Cup'),
(20, 'CHA CSL'),
(34, 'CHA D1'),
(54, 'Champions League Nữ'),
(41, 'COL D1'),
(76, 'Cộng hòa Séc Tipsport liga'),
(227, 'Copa Libertadores'),
(149, 'Copa por Mexico'),
(163, 'Cúp Algeria Ligue'),
(172, 'Cúp Bỉ'),
(226, 'Cúp Brazil'),
(229, 'Cúp Đan Mạch'),
(57, 'Cúp FA'),
(164, 'Cúp FA Trung Quốc'),
(130, 'Cup Hong Kong  Elite'),
(150, 'Cúp Hy Lạp'),
(134, 'Cúp Israel'),
(171, 'Cúp Liên Đoàn Anh'),
(223, 'Cúp Nga'),
(170, 'Cúp nhà vua Tây Ban Nha'),
(228, 'Cúp Pháp'),
(231, 'Cúp QG Hà Lan'),
(82, 'Cúp Quốc gia Azerbaijan'),
(80, 'Cúp Quốc gia Costa Rica'),
(136, 'Cúp Quốc gia UAE'),
(63, 'Cúp Romania'),
(64, 'Cúp Serie C'),
(169, 'Cúp Thổ Nhĩ Kỳ'),
(222, 'Cúp Thụy Điển'),
(12, 'CYP D1'),
(138, 'Đức 2. Bundesliga Nữ'),
(101, 'Đức Bundesliga Nữ'),
(127, 'Đức DFB Junioren Pokal'),
(121, 'Đức Junioren Bundesliga South'),
(102, 'Đức Regionalliga Sudwest'),
(32, 'EGY D1'),
(142, 'Empress’s Cup Nữ Nhật Bản'),
(4, 'ENG CN'),
(23, 'ENG Conf'),
(24, 'ENG CS'),
(45, 'ENG CWCUP'),
(43, 'ENG FAC'),
(26, 'ENG RYM'),
(17, 'ENG U21D2'),
(7, 'ENG U21LC'),
(27, 'ENG-S CE'),
(25, 'ENG-S PR'),
(162, 'England FA Vase'),
(133, 'England FA Women Super League'),
(114, 'England League 1'),
(144, 'England Southern League Central Division'),
(99, 'England U21 League Cup'),
(90, 'Eredivisie Nữ Hà Lan'),
(60, 'FA Cup Nữ'),
(100, 'FIFA World Cup'),
(13, 'FRA D3'),
(36, 'FRA U19'),
(103, 'French Championnat Amateur'),
(166, 'Ghana Premier League'),
(95, 'Giải Hạng hai Anh'),
(61, 'Giao hữu'),
(83, 'Giao hữu quốc tế'),
(16, 'GRE D2'),
(109, 'Hạng 2 Algeria Ligue'),
(96, 'Hạng 2 Bỉ'),
(190, 'Hạng 2 Bồ Đào Nha'),
(137, 'Hạng 2 Hà Lan'),
(74, 'Hạng 2 Hy Lạp'),
(108, 'Hạng 2 Síp'),
(53, 'Hạng 2 Tây Ban Nha'),
(75, 'Hạng 2 Tunisia'),
(59, 'Hạng 2 Ý'),
(98, 'Hạng 3 Pháp'),
(119, 'Hạng 3 Ý'),
(78, 'Hạng Ba Thổ Nhĩ Kỳ'),
(187, 'Hạng hai Pháp'),
(105, 'Hạng Hai Thổ Nhĩ Kỳ'),
(155, 'Hạng Nhất Ả Rập Xê Út'),
(72, 'Hạng Nhất Ấn Độ'),
(115, 'Hạng Nhất Anh'),
(146, 'Hạng Nhất Bahrain'),
(154, 'Hạng Nhất Kuwait'),
(86, 'Hạng Nhất Thái Lan'),
(79, 'Hạng Nhất Trung Quốc'),
(158, 'Hạng Nhất UAE'),
(124, 'Hạng Tư Thổ Nhĩ Kỳ'),
(128, 'Hồng Kông FA Cup'),
(178, 'Hồng Kông Senior Shield'),
(135, 'Hungary Merkantil Bank Liga'),
(19, 'IDN ISL'),
(22, 'IND D1'),
(9, 'INT CF'),
(47, 'ISR D2'),
(46, 'ISR LATTC'),
(65, 'Israel Leumit League'),
(156, 'Israel State League'),
(62, 'Israel Toto Cup'),
(152, 'Israel Women 1st National'),
(5, 'ITA C1'),
(44, 'ITA D2'),
(35, 'ITA PRO LC'),
(1, 'JAM D1'),
(175, 'Jamaica Premier League'),
(92, 'JWL'),
(232, 'K League 2 Hàn Quốc'),
(217, 'K-League Hàn Quốc'),
(91, 'Kuwait Crown Prince Cup'),
(148, 'League Trophy - Anh'),
(52, 'Liên đoàn Bồ Đào Nha'),
(191, 'Mexico Liga MX'),
(218, 'MLS Mỹ'),
(38, 'MNE D1'),
(225, 'Myanmar National League'),
(112, 'National League Anh'),
(58, 'National League North Anh'),
(116, 'National League South Anh'),
(203, 'Ngoại Hạng Anh'),
(151, 'Ngoại hạng Scotland'),
(88, 'Nicaragua Liga Primera'),
(157, 'NIFL Championship Bắc Ireland'),
(28, 'NIR LC'),
(37, 'OMA PL'),
(177, 'Omani Federation Cup'),
(126, 'POR L3'),
(21, 'Por U23'),
(2, 'PORLC'),
(117, 'Primavera 2'),
(125, 'Primera Division Nữ Tây Ban Nha'),
(233, 'Recopa Sudamericana'),
(10, 'ROM D1'),
(31, 'ROMC'),
(89, 'Scotland Challenge Cup'),
(161, 'Scotland Championship'),
(160, 'Scotland League 1'),
(113, 'Scotland League 2'),
(30, 'SLO D1'),
(55, 'Southern League South Division Anh'),
(3, 'SPA D2'),
(111, 'Spanish Segunda Division B'),
(29, 'SPDRFEF'),
(97, 'Super League Nữ Bỉ'),
(11, 'TFF 1. Lig'),
(39, 'TIP CUP'),
(33, 'TTLd'),
(40, 'TUR D3'),
(73, 'U19 Pháp'),
(143, 'U23 Liga Revelacao Bồ Đào Nha'),
(18, 'UAE'),
(42, 'UEFA WUC'),
(211, 'V-League'),
(189, 'VĐQG  Ba Lan'),
(159, 'VĐQG  Israel'),
(153, 'VĐQG Ả Rập Xê Út'),
(66, 'VĐQG Ai Cập'),
(139, 'VĐQG Albania'),
(70, 'VĐQG Algerian Ligue'),
(110, 'VĐQG Ấn Độ'),
(208, 'VĐQG Áo'),
(183, 'VĐQG Argentina'),
(84, 'VĐQG Armenia'),
(147, 'VĐQG Azerbaijan'),
(94, 'VĐQG Bắc Ireland'),
(140, 'VĐQG Bắc Macedonia'),
(68, 'VĐQG Bahrain'),
(197, 'VĐQG Bỉ'),
(182, 'VĐQG Bồ Đào Nha'),
(180, 'VĐQG Bolivia'),
(209, 'VĐQG Bulgaria'),
(179, 'VĐQG Chilê'),
(51, 'VĐQG Colombia'),
(193, 'VĐQG Costa Rica'),
(206, 'VĐQG Croatia'),
(215, 'VĐQG Đan Mạch'),
(204, 'VĐQG Đức'),
(214, 'VĐQG Ecuador'),
(230, 'VĐQG El Salvador'),
(141, 'VĐQG Georgia'),
(50, 'VĐQG Guatemala'),
(195, 'VĐQG Hà Lan'),
(131, 'VĐQG Honduras'),
(201, 'VĐQG Hungary'),
(174, 'VĐQG Hy Lạp'),
(77, 'VĐQG Indonesia'),
(167, 'VĐQG Iran'),
(198, 'VĐQG Ireland'),
(145, 'VĐQG Kuwait'),
(200, 'VĐQG Ma-rốc'),
(216, 'VĐQG Malaysia'),
(123, 'VĐQG Malta'),
(71, 'VĐQG Montenegro'),
(202, 'VĐQG Nam Phi'),
(213, 'VĐQG Nhật Bản'),
(69, 'VĐQG Oman'),
(194, 'VĐQG Paraguay'),
(184, 'VĐQG Peru'),
(196, 'VĐQG Pháp'),
(107, 'VĐQG Pháp Nữ'),
(219, 'VĐQG Qatar'),
(104, 'VĐQG Romania'),
(205, 'VĐQG Séc'),
(207, 'VĐQG Serbia'),
(106, 'VĐQG Síp'),
(67, 'VĐQG Slovenia'),
(210, 'VĐQG Slovkia'),
(185, 'VĐQG Tây Ban Nha'),
(212, 'VĐQG Thái Lan'),
(176, 'VĐQG Thổ Nhĩ Kỳ'),
(199, 'VĐQG Thụy Sĩ'),
(85, 'VĐQG Trung Quốc'),
(122, 'VĐQG Tunisia'),
(165, 'VĐQG UAE'),
(87, 'VĐQG Úc'),
(224, 'VĐQG Ukraine'),
(181, 'VĐQG Uruguay'),
(192, 'VĐQG Venezuela'),
(120, 'VĐQG Wales'),
(186, 'VĐQG Ý'),
(118, 'VĐQG Ý Nữ'),
(93, 'W-League Úc'),
(8, 'World Cup');

-- --------------------------------------------------------

--
-- Cấu trúc bảng cho bảng `less_position_but_higher_odd_match`
--

CREATE TABLE `less_position_but_higher_odd_match` (
  `entity_id` int NOT NULL,
  `league_name` varchar(200) DEFAULT NULL,
  `datetime` varchar(200) NOT NULL,
  `home_name` varchar(200) NOT NULL,
  `away_name` varchar(200) NOT NULL,
  `result` int NOT NULL COMMENT '3 is draw, 2 is not set, 1 is win, 0 is lose, 4 is not found',
  `position_range` int NOT NULL,
  `odd` varchar(200) NOT NULL
) ENGINE=InnoDB DEFAULT CHARSET=utf8mb4 COLLATE=utf8mb4_0900_ai_ci;

--
-- Đang đổ dữ liệu cho bảng `less_position_but_higher_odd_match`
--

INSERT INTO `less_position_but_higher_odd_match` (`entity_id`, `league_name`, `datetime`, `home_name`, `away_name`, `result`, `position_range`, `odd`) VALUES
(1, 'VĐQG Indonesia', '2023-02-11 10:00:00', 'Pstni', 'Madura United', 2, 11, '0.25'),
(2, 'VĐQG Thái Lan', '2023-02-11 12:00:00', 'Nong Bua Lamphu', 'Nakhon Ratchasima', 2, 2, '0.75'),
(3, 'Hạng 2 Ý', '2023-02-11 13:00:00', 'Venezia F.C.', 'Spal', 2, 1, '0.5'),
(4, 'Hạng hai Pháp', '2023-02-11 14:00:00', 'Saint-Etienne', 'Dijon', 2, 1, '0.5'),
(5, 'VĐQG Séc', '2023-02-11 14:00:00', 'Zlin', 'Teplice', 2, 3, '0.25'),
(6, 'Hạng Nhất Anh', '2023-02-11 15:00:00', 'Wigan Athletic', 'Huddersfield Town', 2, 2, '0.25'),
(7, 'Hạng Nhất Anh', '2023-02-11 15:00:00', 'Blackpool', 'Rotherham United', 2, 3, '0.25'),
(8, 'Hạng Nhất Anh', '2023-02-11 15:00:00', 'Stoke City', 'Hull City', 2, 7, '0.5'),
(9, 'Hạng Nhất Anh', '2023-02-11 15:00:00', 'Coventry', 'Luton Town', 2, 14, '0.25'),
(10, 'VĐQG Áo', '2023-02-11 15:59:00', 'Wolfsberger AC', 'WSG Wattens', 2, 4, '0.5'),
(11, 'VĐQG Tây Ban Nha', '2023-02-11 17:30:00', 'Sevilla', 'Mallorca', 2, 7, '0.5'),
(12, 'VĐQG Đức', '2023-02-11 17:30:00', 'RB Leipzig', 'Union Berlin', 2, 2, '0.75'),
(13, 'Hạng 2 Tây Ban Nha', '2023-02-11 17:30:00', 'CD Mirandes', 'Villarreal B', 2, 4, '0.25'),
(14, 'Hạng hai Pháp', '2023-02-11 18:00:00', 'Stade Lavallois MFC', 'Annecy', 2, 3, '0.25'),
(15, 'Hạng hai Pháp', '2023-02-11 18:00:00', 'Guingamp', 'Valenciennes US', 2, 3, '0.5'),
(16, 'Hạng hai Pháp', '2023-02-11 18:00:00', 'Rodez Aveyron', 'Nimes', 2, 3, '0.25'),
(17, 'VĐQG Hà Lan', '2023-02-11 20:00:00', 'Emmen', 'Fortuna Sittard', 2, 5, '0.25'),
(18, 'VĐQG Argentina', '2023-02-11 20:00:00', 'San Lorenzo', 'Godoy Cruz', 2, 13, '0.25'),
(19, 'VĐQG Argentina', '2023-02-11 20:00:00', 'Defensa Y Justicia', 'Newells Old Boys', 2, 7, '0.25'),
(20, 'Hạng hai Pháp', '2023-02-11 18:00:00', 'Paris FC', 'Amiens SC', 2, 5, '0.25'),
(21, 'VĐQG Indonesia', '2023-02-11', 'Pstni', 'Madura United', 2, 11, '0.25'),
(22, 'VĐQG Thái Lan', '2023-02-11', 'Nong Bua Lamphu', 'Nakhon Ratchasima', 2, 2, '0.75'),
(23, 'Hạng 2 Ý', '2023-02-11', 'Venezia F.C.', 'Spal', 2, 1, '0.5'),
(24, 'Hạng hai Pháp', '2023-02-11', 'Saint-Etienne', 'Dijon', 2, 1, '0.5'),
(25, 'VĐQG Séc', '2023-02-11', 'Zlin', 'Teplice', 2, 3, '0.25'),
(26, 'Hạng Nhất Anh', '2023-02-11', 'Wigan Athletic', 'Huddersfield Town', 2, 2, '0.25'),
(27, 'Hạng Nhất Anh', '2023-02-11', 'Blackpool', 'Rotherham United', 2, 3, '0.25'),
(28, 'Hạng Nhất Anh', '2023-02-11', 'Stoke City', 'Hull City', 2, 7, '0.5'),
(29, 'Hạng Nhất Anh', '2023-02-11', 'Coventry', 'Luton Town', 2, 14, '0.25'),
(30, 'VĐQG Áo', '2023-02-11', 'Wolfsberger AC', 'WSG Wattens', 2, 4, '0.5'),
(31, 'VĐQG Tây Ban Nha', '2023-02-11', 'Sevilla', 'Mallorca', 2, 7, '0.5'),
(32, 'VĐQG Đức', '2023-02-11', 'RB Leipzig', 'Union Berlin', 2, 2, '0.75'),
(33, 'Hạng 2 Tây Ban Nha', '2023-02-11', 'CD Mirandes', 'Villarreal B', 2, 4, '0.25'),
(34, 'Hạng hai Pháp', '2023-02-11', 'Stade Lavallois MFC', 'Annecy', 2, 3, '0.25'),
(35, 'Hạng hai Pháp', '2023-02-11', 'Guingamp', 'Valenciennes US', 2, 3, '0.5'),
(36, 'Hạng hai Pháp', '2023-02-11', 'Rodez Aveyron', 'Nimes', 2, 3, '0.25'),
(37, 'VĐQG Hà Lan', '2023-02-11', 'Emmen', 'Fortuna Sittard', 2, 5, '0.25'),
(38, 'VĐQG Argentina', '2023-02-11', 'San Lorenzo', 'Godoy Cruz', 2, 13, '0.25'),
(39, 'VĐQG Argentina', '2023-02-11', 'Defensa Y Justicia', 'Newells Old Boys', 2, 7, '0.25'),
(40, 'VĐQG Úc', '2023-02-12', 'Newcastle Jets FC', 'Melbourne Victory FC', 2, 4, '-0.75'),
(41, 'Hạng hai Pháp', '2023-02-11', 'Paris FC', 'Amiens SC', 2, 5, '0.25'),
(82, 'VĐQG Úc', '2023-02-12 04:00:00', 'Newcastle Jets FC', 'Melbourne Victory FC', 2, 4, '-0.75'),
(84, 'Europa League', '2023-02-16 17:45:00', 'Ajax Amsterdam', 'Union Berlin', 2, 1, '0.5'),
(85, 'Europa League', '2023-02-16 17:45:00', 'Red Bull Salzburg', 'AS Roma', 2, 3, '-0.75'),
(86, 'Europa League', '2023-02-16 17:45:00', 'FC Shakhtar Donetsk', 'Stade Rennais FC', 2, 4, '-0.75'),
(87, 'Europa League', '2023-02-16 20:00:00', 'Sevilla', 'PSV Eindhoven', 2, 8, '0.25'),
(88, 'Europa League', '2023-02-16 20:00:00', 'Bayer Leverkusen', 'AS Monaco', 2, 5, '0.25'),
(89, 'Brazil Campeonato Paulista', '2023-02-16 22:30:00', 'EC Santo Andre', 'Santos', 2, 5, '-0.75'),
(90, 'VĐQG Indonesia', '2023-02-17 10:00:00', 'PSS Sleman', 'Dewa United FC', 2, 2, '-0.75'),
(91, 'VĐQG Serbia', '2023-02-17 17:00:00', 'Kolubara', 'FK Vozdovac Beograd', 2, 2, '0.25'),
(92, 'VĐQG Ả Rập Xê Út', '2023-02-17 17:30:00', 'Al Wehda Mecca', 'Al-Raed', 2, 1, '0.25'),
(93, 'League 1 Thụy Sỹ', '2023-02-17 19:15:00', 'FC Thun', 'Stade Ouchy', 2, 1, '0.25'),
(94, 'VĐQG Ireland', '2023-02-17 19:45:00', 'Dundalk', 'UC Dublin', 2, 1, '1.5'),
(95, 'Hạng Nhất Anh', '2023-02-17 20:00:00', 'Cardiff City', 'Reading', 2, 7, '0.5'),
(96, 'VĐQG Bồ Đào Nha', '2023-02-17 20:15:00', 'Gil Vicente', 'Vizela', 2, 3, '0.25'),
(97, 'VĐQG Paraguay', '2023-02-17 21:00:00', 'Resistencia SC', 'Guarani CA', 2, 1, '-0.5'),
(98, 'VĐQG Chilê', '2023-02-17 21:00:00', 'Union Espanola', 'CD Magallanes', 2, 1, '-0.75'),
(99, 'VĐQG Bolivia', '2023-02-17 22:00:00', 'Blooming', 'Universitario De Vinto', 2, 2, '1'),
(100, 'Mexico Liga MX', '2023-02-18 03:05:00', 'Puebla', 'Cruz Azul', 2, 2, '-0.75'),
(101, 'VĐQG Nhật Bản', '2023-02-18 05:00:00', 'Cerezo Osaka', 'Albirex Niigata', 2, 4, '0.5'),
(102, 'VĐQG Nhật Bản', '2023-02-18 05:00:00', 'Yokohama FC', 'Nagoya Grampus Eight', 2, 6, '-0.75'),
(103, 'Hạng 2 Nhật Bản', '2023-02-18 05:00:00', 'Shimizu S-Pulse', 'Mito Hollyhock', 2, 4, '0.75'),
(104, 'Hạng 2 Nhật Bản', '2023-02-18 05:00:00', 'Jubilo Iwata', 'Okayama FC', 2, 15, '0.25'),
(117, 'Hạng hai Đức', '2023-02-18 12:00:00', 'Greuther Furth', 'Fortuna Dusseldorf', 2, 5, '0.25'),
(124, 'Hạng 2 Ý', '2023-02-18 13:00:00', 'Benevento', 'Brescia', 2, 2, '0.5'),
(125, 'VĐQG  Israel', '2023-02-18 13:00:00', 'Hapoel Ironi Kiryat Shmona', 'Hapoel Tel Aviv', 2, 2, '0.25'),
(126, 'VĐQG  Ba Lan', '2023-02-18 14:00:00', 'Korona Kielce', 'Lechia Gdansk', 2, 3, '0.25'),
(127, 'VĐQG Séc', '2023-02-18 14:00:00', 'Slovan Liberec', 'SK Sigma Olomouc', 2, 2, '0.25'),
(128, 'VĐQG Séc', '2023-02-18 14:00:00', 'Hradec Kralove', 'Mlada Boleslav', 2, 3, '-0.75'),
(129, 'VĐQG Slovkia', '2023-02-18 14:00:00', 'Trencin', 'Zlate Moravce', 2, 1, '0.75'),
(130, 'VĐQG Ấn Độ', '2023-02-18 14:00:00', 'Mohun Bagan', 'Kerala Blasters FC', 2, 3, '0.25'),
(131, 'VĐQG Đức', '2023-02-18 14:30:00', 'VfB Stuttgart', 'Koln', 2, 6, '0.25'),
(132, 'VĐQG Wales', '2023-02-18 14:30:00', 'Aberystwyth Town', 'Pontypridd', 2, 1, '-0.75'),
(133, 'Ngoại Hạng Anh', '2023-02-18 15:00:00', 'Everton', 'Leeds United', 2, 1, '0.25'),
(134, 'Ngoại hạng Scotland', '2023-02-18 15:00:00', 'Dundee United', 'St. Johnstone', 2, 4, '0.25'),
(135, 'VĐQG Bắc Ireland', '2023-02-18 15:00:00', 'Crusaders FC', 'Coleraine', 2, 1, '0.5'),
(136, 'Hạng 2 Ý', '2023-02-18 15:15:00', 'Perugia', 'Ternana', 2, 5, '0.5'),
(137, 'Hạng 2 Bồ Đào Nha', '2023-02-18 15:30:00', 'Porto B', 'Amadora', 2, 5, '0.25'),
(138, 'Hạng 2 Bồ Đào Nha', '2023-02-18 15:30:00', 'Feirense', 'Vilafranquense', 2, 4, '0.25'),
(139, 'VĐQG Nam Phi', '2023-02-18 15:30:00', 'Sekhukhune United', 'Richards Bay', 2, 3, '0.25'),
(140, 'VĐQG Hà Lan', '2023-02-18 17:45:00', 'FC Groningen', 'Emmen', 2, 2, '0.25'),
(141, 'VĐQG Colombia', '2023-02-18 21:10:00', 'Dep.Independiente Medellin', 'America de Cali', 2, 13, '0.25'),
(142, 'VĐQG Argentina', '2023-02-18 22:15:00', 'Argentinos Juniors', 'Belgrano', 2, 16, '0.5'),
(143, 'VĐQG Costa Rica', '2023-02-19 02:00:00', 'Perez Zeledon', 'Deportivo Saprissa', 2, 2, '3.90'),
(144, 'Mexico Liga MX', '2023-02-19 03:05:00', 'Pumas UNAM', 'Chivas Guadalajara', 2, 6, '3.20'),
(145, 'VĐQG Indonesia', '2023-02-19 08:00:00', 'Cilegon United', 'Persib Bandung', 2, 15, '3.90'),
(146, 'VĐQG Bulgaria', '2023-02-19 10:45:00', 'Botev Vratsa', 'CSKA 1948 Sofia', 2, 10, '3.85'),
(147, 'VĐQG Hà Lan', '2023-02-19 11:15:00', 'SC Cambuur', 'SC Heerenveen', 2, 9, '3.20'),
(148, 'VĐQG  Ba Lan', '2023-02-19 11:30:00', 'Miedz Legnica', 'Wisla Plock', 2, 10, '3.10'),
(149, 'Ngoại hạng Scotland', '2023-02-19 12:00:00', 'Motherwell FC', 'Hearts', 2, 6, '3.30'),
(150, 'VĐQG Slovenia', '2023-02-19 12:00:00', 'NK Bravo', 'Domzale', 2, 1, '3.05'),
(151, 'V-League', '2023-02-19 12:15:00', 'Viettel', 'Thép Xanh Nam Định', 2, 1, '3.20'),
(152, 'VĐQG Bỉ', '2023-02-19 12:30:00', 'Cercle Brugge', 'Club Brugge', 2, 4, '3.30'),
(153, 'VĐQG Uruguay', '2023-02-19 12:45:00', 'Racing Montevideo', 'CA River Plate', 2, 5, '3.10'),
(154, 'VĐQG Tây Ban Nha', '2023-02-19 13:00:00', 'Elche', 'Espanyol', 2, 3, '3.05'),
(155, 'VĐQG Đan Mạch', '2023-02-19 13:00:00', 'Lyngby', 'FC Nordsjaelland', 2, 11, '3.70'),
(156, 'VĐQG Bulgaria', '2023-02-19 13:15:00', 'Pirin Blagoevgrad', 'Levski Sofia', 2, 6, '4.00'),
(157, 'VĐQG Hà Lan', '2023-02-19 13:30:00', 'FC Utrecht', 'PSV Eindhoven', 2, 3, '3.75'),
(158, 'VĐQG Hà Lan', '2023-02-19 13:30:00', 'Go Ahead Eagles', 'FC Twente Enschede', 2, 8, '3.30'),
(159, 'VĐQG Áo', '2023-02-19 13:30:00', 'Lustenau Áo', 'Austria Wien', 2, 4, '3.35'),
(160, 'VĐQG Áo', '2023-02-19 13:30:00', 'WSG Wattens', 'Red Bull Salzburg', 2, 3, '4.10'),
(161, 'VĐQG Síp', '2023-02-19 13:30:00', 'AEL Limassol', 'AEK Larnaca', 2, 7, '3.15'),
(162, 'VĐQG Ý', '2023-02-19 14:00:00', 'Salernitana', 'Lazio', 2, 10, '3.75'),
(163, 'VĐQG Ý', '2023-02-19 14:00:00', 'Fiorentina', 'Empoli', 2, 2, '3.80'),
(164, 'VĐQG Pháp', '2023-02-19 14:00:00', 'Stade Brestois', 'AS Monaco', 2, 13, '3.55'),
(165, 'VĐQG Pháp', '2023-02-19 14:00:00', 'ES Troyes AC', 'Montpellier', 2, 3, '3.20'),
(166, 'VĐQG Hy Lạp', '2023-02-19 14:00:00', 'Lamia', 'Olympiakos Piraeus', 2, 11, '4.50'),
(167, 'VĐQG Séc', '2023-02-19 14:00:00', 'Ceske Budejovice', 'FC Bohemians 1905', 2, 8, '3.30'),
(168, 'VĐQG Séc', '2023-02-19 14:00:00', 'Synot Slovacko', 'FC Viktoria Plzen', 2, 2, '3.25'),
(169, 'VĐQG Séc', '2023-02-19 14:00:00', 'Pardubice', 'Zlin', 2, 1, '3.25'),
(170, 'VĐQG Serbia', '2023-02-19 14:00:00', 'Mladost Novi Sad', 'Backa Topola', 2, 12, '3.30'),
(171, 'VĐQG Croatia', '2023-02-19 14:00:00', 'NK Varteks Varazdin', 'Dinamo Zagreb', 2, 6, '3.80'),
(172, 'VĐQG Slovenia', '2023-02-19 14:00:00', 'NK Maribor', 'NK Olimpija Ljubljana', 2, 2, '3.20'),
(173, 'VĐQG Đan Mạch', '2023-02-19 15:00:00', 'Silkeborg IF', 'FC Copenhagen', 2, 2, '3.30'),
(174, 'VĐQG Bồ Đào Nha', '2023-02-19 15:30:00', 'Santa Clara', 'FC Famalicao', 2, 1, '2.99'),
(175, 'VĐQG Thụy Sĩ', '2023-02-19 15:30:00', 'Basel', 'Servette', 2, 4, '3.70'),
(176, 'VĐQG Serbia', '2023-02-19 15:59:00', 'Spartak Subotica', 'Partizan Belgrade', 2, 12, '4.40'),
(177, 'VĐQG  Ba Lan', '2023-02-19 16:30:00', 'Piast Gliwice', 'Legia Warszawa', 2, 13, '3.10'),
(178, 'VĐQG Hungary', '2023-02-19 16:30:00', 'Budapest Honved', 'Debreceni VSC', 2, 6, '3.00'),
(179, 'VĐQG Ý', '2023-02-19 17:00:00', 'Spezia', 'Juventus', 2, 7, '3.70'),
(180, 'VĐQG Đan Mạch', '2023-02-19 17:00:00', 'Brondby', 'AC Horsens', 2, 1, '3.75'),
(181, 'VĐQG Costa Rica', '2023-02-19 17:00:00', 'Cartagines Deportiva SA', 'Herediano', 2, 2, '3.05'),
(182, 'VĐQG Bỉ', '2023-02-19 17:30:00', 'Kortrijk', 'Anderlecht', 2, 4, '3.40'),
(183, 'VĐQG Bỉ', '2023-02-19 18:15:00', 'St.-Truidense VV', 'Westerlo', 2, 2, '3.20'),
(184, 'VĐQG  Israel', '2023-02-19 18:15:00', 'Hapoel Haifa', 'Beitar Jerusalem', 2, 2, '3.10'),
(185, 'VĐQG Hy Lạp', '2023-02-19 18:30:00', 'PAOK Saloniki', 'AEK Athens', 2, 2, '2.94'),
(186, 'VĐQG Hà Lan', '2023-02-19 19:00:00', 'SBV Excelsior', 'N.E.C. Nijmegen', 2, 4, '3.35'),
(187, 'VĐQG Pháp', '2023-02-19 19:45:00', 'Toulouse', 'Marseille', 2, 9, '3.60'),
(188, 'VĐQG Bồ Đào Nha', '2023-02-19 20:30:00', 'Casa Pia AC', 'Vitoria Guimaraes', 2, 1, '3.00'),
(189, 'VĐQG Paraguay', '2023-02-19 20:30:00', 'Tacuary FBC', 'General Caballero', 2, 5, '3.10'),
(190, 'VĐQG Argentina', '2023-02-19 22:15:00', 'Boca Juniors', 'CA Platense', 2, 6, '3.25'),
(192, 'V-League', '2023-02-19 10:00:00', 'Hoàng Anh Gia Lai', 'Công An Hà Nội', 2, 1, '3.10'),
(218, 'VĐQG Algerian Ligue', '2023-02-19 14:00:00', 'RC Arba', 'ES Setif', 2, 10, '2.78'),
(219, 'VĐQG Algerian Ligue', '2023-02-19 14:00:00', 'MC Magra', 'MC Oran', 2, 3, '2.92'),
(222, 'VĐQG Bahrain', '2023-02-19 14:50:00', 'Sitra', 'Manama Club', 2, 4, '3.20'),
(224, 'VĐQG Azerbaijan', '2023-02-19 15:00:00', 'Zira FK', 'Qarabag', 2, 3, '4.50'),
(232, 'VĐQG Algerian Ligue', '2023-02-19 17:00:00', 'US Biskra', 'MC An-giê', 2, 5, '2.77'),
(235, 'VĐQG Bahrain', '2023-02-19 17:50:00', 'Al-Shabbab', 'Al Riffa Club', 2, 8, '3.45'),
(236, 'VĐQG Bahrain', '2023-02-19 17:50:00', 'Al Khaldiya', 'Al-Muharraq', 2, 2, '3.00'),
(241, 'VĐQG Venezuela', '2023-02-19 19:00:00', 'Caracas FC', 'CD Hermanos Colmenares', 2, 2, '3.45'),
(245, 'VĐQG Venezuela', '2023-02-19 21:15:00', 'Mineros de Guayana', 'Portuguesa FC', 2, 1, '2.82'),
(247, 'VĐQG Peru', '2023-02-19 23:00:00', 'Real Atletico Garcilaso', 'Alianza Atletico', 2, 12, '3.45'),
(248, 'VĐQG Colombia', '2023-02-19 23:20:00', 'Union Magdalena', 'Boyaca Chico', 2, 9, '2.91'),
(249, 'VĐQG Costa Rica', '2023-02-20 00:00:00', 'AD San Carlos', 'Guadalupe FC', 2, 3, '3.40'),
(250, 'VĐQG Argentina', '2023-02-20 00:30:00', 'Independiente', 'Defensa Y Justicia', 2, 9, '3.10'),
(342, 'VĐQG Bahrain', '2023-02-19 14:50:00', 'Al Hidd', 'Al-Ahli(BHR)', 2, 1, '3.20'),
(799, 'VĐQG Síp', '2023-02-24 17:00:00', 'Doxa Katokopias', 'Karmiotissa Pano Polemidion', 2, 2, '0.25'),
(800, 'VĐQG Síp', '2023-02-24 17:00:00', 'Pafos FC', 'Aris Limassol', 2, 1, '0.5'),
(801, 'VĐQG Bosnia & Herzegovina', '2023-02-24 17:00:00', 'Borac Banja Luka', 'NK Siroki Brijeg', 2, 1, '0.75'),
(802, 'League 1 Thụy Sỹ', '2023-02-24 18:30:00', 'FC Thun', 'Yverdon', 2, 3, '0.5'),
(803, 'VĐQG Đức', '2023-02-24 19:30:00', 'Mainz', 'Monchengladbach', 2, 1, '0.25'),
(804, 'VĐQG Bỉ', '2023-02-24 19:45:00', 'Zulte Waregem', 'Kortrijk', 2, 2, '0.25'),
(805, 'Scotland Championship', '2023-02-24 19:45:00', 'Raith Rovers', 'Ayr Utd.', 2, 3, '0.25'),
(806, 'VĐQG Peru', '2023-02-24 20:00:00', 'EM Deportivo Binacional', 'Sporting Cristal', 2, 17, '0.25'),
(807, 'VĐQG Bồ Đào Nha', '2023-02-24 20:15:00', 'FC Famalicao', 'Portimonense', 2, 3, '0.5'),
(808, 'VĐQG Venezuela', '2023-02-24 23:30:00', 'Monagas SC', 'Angostura FC', 2, 4, '0.75'),
(809, 'NPL Victoria Úc', '2023-02-25 04:00:00', 'Moreland City', 'Bentleigh Greens', 2, 3, '-0.75'),
(810, 'NPL Victoria Úc', '2023-02-25 06:00:00', 'North Geelong Warriors', 'Port Melbourne Sharks', 2, 3, '-0.75'),
(811, 'VĐQG Nhật Bản', '2023-02-25 07:00:00', 'Kashima Antlers', 'Kawasaki Frontale', 2, 11, '-0.75'),
(812, 'K-League Hàn Quốc', '2023-02-25 07:30:00', 'Suwon Samsung Bluewings', 'Gwangju FC', 2, 10, '0.25'),
(813, 'K-League Hàn Quốc', '2023-02-25 07:30:00', 'FC Seoul', 'Incheon United FC', 2, 4, '0.25'),
(814, 'VĐQG Nhật Bản', '2023-02-25 06:00:00', 'Consadole Sapporo', 'Vissel Kobe', 2, 6, '0.25'),
(818, 'VĐQG Thái Lan', '2023-02-25 11:30:00', 'Lamphun Warrior', 'BEC Tero Sasana', 2, 5, '0.25'),
(819, 'VĐQG Thái Lan', '2023-02-25 12:00:00', 'Muang Thong United', 'Bangkok Glass', 2, 2, '0.5'),
(820, 'Hạng Nhất Anh', '2023-02-25 12:30:00', 'Coventry', 'Sunderland', 2, 8, '0.25'),
(821, 'VĐQG Tây Ban Nha', '2023-02-25 13:00:00', 'Espanyol', 'Mallorca', 2, 4, '0.25'),
(822, 'VĐQG  Israel', '2023-02-25 13:00:00', 'Hapoel Tel Aviv', 'F.C. Ashdod', 2, 4, '0.25'),
(823, 'VĐQG Bulgaria', '2023-02-25 13:00:00', 'Spartak Varna', 'Botev Vratsa', 2, 4, '0.5'),
(824, 'VĐQG Qatar', '2023-02-25 13:45:00', 'Al-Sadd', 'Qatar SC', 2, 1, '1.5'),
(825, 'VĐQG  Ba Lan', '2023-02-25 14:00:00', 'Piast Gliwice', 'Cracovia Krakow', 2, 10, '0.25'),
(826, 'VĐQG Đức', '2023-02-25 14:30:00', 'Hertha BSC Berlin', 'Augsburg', 2, 4, '0.25'),
(827, 'VĐQG Đức', '2023-02-25 14:30:00', 'Koln', 'Wolfsburg', 2, 4, '0.25'),
(828, 'Ngoại Hạng Anh', '2023-02-25 15:00:00', 'West Ham United', 'Nottingham Forest', 2, 5, '0.75'),
(829, 'Hạng Nhất Anh', '2023-02-25 15:00:00', 'West Bromwich(WBA)', 'Middlesbrough', 2, 7, '0.25'),
(830, 'Hạng Nhất Anh', '2023-02-25 15:00:00', 'Queens Park Rangers', 'Blackburn Rovers', 2, 14, '0.25'),
(831, 'Hạng Nhất Anh', '2023-02-25 15:00:00', 'Bristol City', 'Hull City', 2, 2, '0.25'),
(832, 'Hạng Nhất Anh', '2023-02-25 15:00:00', 'Stoke City', 'Millwall', 2, 12, '0.25'),
(833, 'Ngoại hạng Scotland', '2023-02-25 15:00:00', 'Aberdeen', 'Livingston', 2, 1, '0.5'),
(834, 'VĐQG Romania', '2023-02-25 15:00:00', 'Universitaea Cluj', 'FC Botosani', 2, 5, '0.5'),
(835, 'VĐQG Síp', '2023-02-25 15:00:00', 'Anorthosis Famagusta FC', 'AEL Limassol', 2, 1, '0.25'),
(836, 'VĐQG Bồ Đào Nha', '2023-02-25 15:30:00', 'FC Arouca', 'Casa Pia AC', 2, 1, '0.25'),
(837, 'VĐQG Hà Lan', '2023-02-25 15:30:00', 'FC Groningen', 'SBV Excelsior', 2, 2, '0.5'),
(838, 'VĐQG Thổ Nhĩ Kỳ', '2023-02-25 15:59:00', 'Giresunspor', 'Kayserispor', 2, 10, '0.25'),
(839, 'VĐQG Croatia', '2023-02-25 17:10:00', 'NK Rijeka', 'Slaven Belupo Koprivnica', 2, 1, '0.75'),
(840, 'VĐQG Bồ Đào Nha', '2023-02-25 18:00:00', 'Maritimo', 'Santa Clara', 2, 1, '0.25'),
(841, 'VĐQG Nam Phi', '2023-02-25 18:00:00', 'AmaZulu', 'Bloemfontein Celtic', 2, 2, '0.25'),
(842, 'VĐQG Hy Lạp', '2023-02-25 18:30:00', 'Olympiakos Piraeus', 'Panathinaikos', 2, 2, '0.5'),
(843, 'VĐQG  Ba Lan', '2023-02-25 19:00:00', 'Lechia Gdansk', 'Radomiak Radom', 2, 7, '0.25'),
(844, 'VĐQG Uruguay', '2023-02-25 20:00:00', 'CA Fenix', 'Cerro Largo', 2, 8, '0.25'),
(845, 'VĐQG Peru', '2023-02-25 20:30:00', 'Deportivo Garcilaso', 'Atletico Grau', 2, 3, '0.5'),
(846, 'VĐQG Venezuela', '2023-02-25 21:00:00', 'Metropolitanos FC', 'Zamora FC Barinas', 2, 3, '0.5'),
(847, 'VĐQG Colombia', '2023-02-25 21:10:00', 'Atletico Junior Barranquilla', 'La Equidad', 2, 7, '0.75'),
(848, 'MLS Mỹ', '2023-02-25 21:30:00', 'Nashville', 'New York City FC', 2, 1, '0.5'),
(849, 'VĐQG Ecuador', '2023-02-25 21:30:00', 'Guayaquil City', 'Cumbaya FC', 2, 1, '0.25'),
(850, 'VĐQG Argentina', '2023-02-25 22:15:00', 'Estudiantes La Plata', 'Sarmiento Junin', 2, 1, '0.75'),
(851, 'Mexico Liga MX', '2023-02-25 23:00:00', 'Cruz Azul', 'FC Juarez', 2, 5, '0.5'),
(852, 'MLS Mỹ', '2023-02-26 00:30:00', 'Charlotte FC', 'New England Revolution', 2, 12, '0.25'),
(853, 'MLS Mỹ', '2023-02-26 00:30:00', 'Atlanta United', 'San Jose Earthquakes', 2, 8, '1'),
(854, 'MLS Mỹ', '2023-02-26 00:30:00', 'FC Cincinnati', 'Houston Dynamo', 2, 5, '1'),
(855, 'MLS Mỹ', '2023-02-26 00:30:00', 'Orlando City', 'New York Red Bulls', 2, 8, '0.25'),
(856, 'MLS Mỹ', '2023-02-26 00:30:00', 'Philadelphia Union', 'Columbus Crew', 2, 3, '0.75'),
(857, 'VĐQG Úc', '2023-02-26 04:00:00', 'Melbourne Victory FC', 'Adelaide United FC', 2, 7, '0.25'),
(858, 'VĐQG Nhật Bản', '2023-02-26 05:00:00', 'Sanfrecce Hiroshima', 'Albirex Niigata', 2, 1, '0.75'),
(859, 'VĐQG Úc', '2023-02-26 06:00:00', 'Brisbane Roar FC', 'Perth Glory FC', 2, 3, '0.5'),
(860, 'VĐQG  Ba Lan', '2023-02-26 11:30:00', 'Stal Mielec', 'Gornik Zabrze', 2, 6, '-0.75'),
(861, 'VĐQG Uruguay', '2023-02-26 12:45:00', 'Danubio FC', 'Plaza Colonia', 2, 2, '0.5'),
(862, 'VĐQG Hà Lan', '2023-02-26 13:30:00', 'Emmen', 'Go Ahead Eagles', 2, 4, '0.25'),
(863, 'VĐQG Pháp', '2023-02-26 14:00:00', 'Ajaccio', 'ES Troyes AC', 2, 2, '0.25'),
(864, 'VĐQG Hy Lạp', '2023-02-26 14:00:00', 'Levadiakos', 'Panaitolikos Agrinio', 2, 5, '0.25'),
(865, 'VĐQG Slovenia', '2023-02-26 14:00:00', 'NK Maribor', 'NK Publikum Celje', 2, 1, '0.25'),
(866, 'AFC Champions League', '2023-02-26 15:00:00', 'Al-Duhail', 'Al Hilal', 2, 3, '-0.75'),
(867, 'VĐQG Bồ Đào Nha', '2023-02-26 15:30:00', 'Rio Ave', 'Chaves', 2, 3, '0.25'),
(868, 'VĐQG Slovkia', '2023-02-26 16:30:00', 'Zilina', 'MFK Ruzomberok', 2, 2, '0.25'),
(869, 'VĐQG Séc', '2023-02-26 17:00:00', 'Banik Ostrava', 'Hradec Kralove', 2, 3, '0.75'),
(870, 'VĐQG Bỉ', '2023-02-26 17:30:00', 'Anderlecht', 'Standard Liege', 2, 2, '0.5'),
(871, 'VĐQG Peru', '2023-02-26 18:00:00', 'Deportivo Union Comercio', 'UTC Cajamarca', 2, 6, '0.25'),
(872, 'VĐQG Bỉ', '2023-02-26 18:15:00', 'Sporting Charleroi', 'St.-Truidense VV', 2, 2, '0.25'),
(873, 'VĐQG Tây Ban Nha', '2023-02-26 20:00:00', 'Sevilla', 'Osasuna', 2, 3, '0.5'),
(874, 'VĐQG Peru', '2023-02-26 20:30:00', 'AD Tarma', 'Deportivo Municipal', 2, 10, '0.5'),
(875, 'VĐQG Paraguay', '2023-02-26 20:30:00', 'General Caballero', 'Sportivo Trinidense', 2, 3, '0.25'),
(876, 'VĐQG Peru', '2023-02-27 00:00:00', 'Carlos Manucci', 'Universitario de Deportes', 2, 1, '-0.75'),
(877, 'VĐQG Ecuador', '2023-02-27 00:00:00', 'Club Sport Emelec', 'Libertad FC', 2, 3, '1.5'),
(878, 'VĐQG Argentina', '2023-02-27 00:30:00', 'CA Banfield', 'Independiente', 2, 3, '0.25'),
(879, 'VĐQG Argentina', '2023-02-27 00:30:00', 'Instituto', 'Newells Old Boys', 2, 6, '0.25'),
(880, 'VĐQG Peru', '2023-02-26 01:00:00', 'Alianza Lima', 'Univ. Cesar Vallejo', 2, 4, '0.75'),
(881, 'VĐQG Peru', '2023-02-26 23:00:00', 'Melgar', 'Sport Boys', 2, 4, '1.25'),
(882, 'MLS Mỹ', '2023-02-27 01:00:00', 'Seattle Sounders', 'Colorado Rapids', 2, 2, '0.75'),
(884, 'Hạng Nhất Anh', '2023-02-28 20:00:00', 'Luton Town', 'Millwall', 2, 1, '0.25'),
(885, 'Cúp Pháp', '2023-02-28 20:10:00', 'Lyonnais', 'Grenoble', 2, 2, '1.5'),
(886, 'VĐQG Malaysia', '2023-02-28 13:00:00', 'PDRM FA', 'Perak', 2, 1, '0.25'),
(887, 'VĐQG Romania', '2023-02-28 14:00:00', 'Hermannstadt', 'Universitaea Cluj', 2, 1, '0.25'),
(888, 'VĐQG Serbia', '2023-02-28 17:00:00', 'Radnik Surdulica', 'FK Vozdovac Beograd', 2, 9, '0.5'),
(889, 'Hạng 2 Ý', '2023-02-28 19:30:00', 'Parma', 'Pisa', 2, 1, '0.5'),
(890, 'Cúp FA', '2023-02-28 19:30:00', 'Leicester City', 'Blackburn Rovers', 2, 10, '1.5'),
(893, 'VĐQG Serbia', '2023-03-01 13:00:00', 'Mladost Novi Sad', 'FK Napredak Krusevac', 2, 4, '0.25'),
(894, 'VĐQG Tunisia', '2023-03-01 13:30:00', 'Club Africain', 'Olympique de Beja', 2, 1, '0.5'),
(895, 'Cúp Đan Mạch', '2023-03-01 19:00:00', 'FC Copenhagen', 'Vejle', 2, 2, '1'),
(896, 'Cúp FA', '2023-03-01 19:15:00', 'Southampton', 'Grimsby Town', 2, 4, '1.5'),
(897, 'Hạng 2 Ý', '2023-03-01 19:30:00', 'Perugia', 'Como', 2, 1, '0.25'),
(898, 'Hạng 2 Ý', '2023-03-01 19:30:00', 'Benevento', 'Alto Adige/Sudtirol', 2, 12, '0.25'),
(899, 'Cúp FA', '2023-03-01 19:55:00', 'Sheffield United', 'Tottenham Hotspur', 2, 2, '-0.75'),
(900, 'VĐQG El Salvador', '2023-03-02 01:00:00', 'CD FAS', 'Luis Angel Firpo', 2, 3, '1'),
(901, 'VĐQG Guatemala', '2023-03-02 01:00:00', 'Club Comunicaciones', 'CSD Xelaju MC', 2, 1, '1'),
(902, 'VĐQG Honduras', '2023-03-02 01:00:00', 'CD Motagua', 'UPNFM', 2, 4, '0.75'),
(903, 'VĐQG Guatemala', '2023-03-02 03:00:00', 'Antigua GFC', 'CSD Municipal', 2, 2, '0.5'),
(904, 'VĐQG Ả Rập Xê Út', '2023-03-02 13:00:00', 'Al-Feiha', 'Abha', 2, 2, '0.25'),
(905, 'VĐQG UAE', '2023-03-02 16:15:00', 'Baniyas', 'Ajman Club', 2, 2, '0.25'),
(906, 'Cúp nhà vua Tây Ban Nha', '2023-03-02 20:00:00', 'Real Madrid', 'Barcelona', 2, 1, '0.5');

-- --------------------------------------------------------

--
-- Cấu trúc bảng cho bảng `match_result_entity`
--

CREATE TABLE `match_result_entity` (
  `entity_id` int NOT NULL,
  `league_id` int NOT NULL,
  `datetime` varchar(200) NOT NULL,
  `home_club_id` int DEFAULT NULL,
  `away_club_id` int DEFAULT NULL,
  `home_name` varchar(200) NOT NULL,
  `away_name` varchar(200) NOT NULL,
  `home_result` int DEFAULT NULL,
  `away_result` int DEFAULT NULL,
  `home_position` int NOT NULL,
  `away_position` int NOT NULL,
  `home_corner` varchar(200) DEFAULT NULL,
  `away_corner` varchar(200) DEFAULT NULL,
  `total_corner` varchar(200) DEFAULT NULL,
  `odd` varchar(20) NOT NULL
) ENGINE=InnoDB DEFAULT CHARSET=utf8mb4 COLLATE=utf8mb4_0900_ai_ci;

--
-- Đang đổ dữ liệu cho bảng `match_result_entity`
--

INSERT INTO `match_result_entity` (`entity_id`, `league_id`, `datetime`, `home_club_id`, `away_club_id`, `home_name`, `away_name`, `home_result`, `away_result`, `home_position`, `away_position`, `home_corner`, `away_corner`, `total_corner`, `odd`) VALUES
(1, 191, '2023-02-18', NULL, NULL, 'Atletico San Luis', 'Santos Laguna', 1, 1, 10, 9, '3', '12', '15', '3.25'),
(2, 181, '2023-02-18', NULL, NULL, 'Plaza Colonia', 'Nacional Montevideo', 2, 1, 16, 6, '2', '10', '12', '4.00'),
(3, 183, '2023-02-18', NULL, NULL, 'Argentinos Juniors', 'Belgrano', 3, 0, 21, 4, '2', '2', '4', '3.30'),
(4, 183, '2023-02-18', NULL, NULL, 'Godoy Cruz', 'Estudiantes La Plata', 0, 1, 9, 24, '6', '2', '8', '3.10'),
(5, 180, '2023-02-18', NULL, NULL, 'Club Guabira', 'Real Tomayapo', 1, 0, 16, 8, '9', '2', '11', '3.50'),
(6, 192, '2023-02-18', NULL, NULL, 'Deportivo Tachira', 'Monagas SC', 1, 0, 5, 4, '3', '5', '8', '3.25'),
(7, 51, '2023-02-18', NULL, NULL, 'Dep.Independiente Medellin', 'America de Cali', 0, 1, 17, 4, '5', '4', '9', '2.96'),
(8, 183, '2023-02-18', NULL, NULL, 'Tigre', 'River Plate', 0, 1, 11, 5, '4', '8', '12', '3.20'),
(9, 193, '2023-02-18', NULL, NULL, 'Guanacasteca', 'Puntarenas', 1, 1, 6, 8, '5', '1', '6', '3.15'),
(10, 179, '2023-02-18', NULL, NULL, 'Cobresal', 'Nublense', 1, 1, 4, 7, '4', '2', '6', '3.50'),
(11, 194, '2023-02-18', NULL, NULL, 'Sportivo Trinidense', 'Olimpia Asuncion', 3, 1, 6, 3, '5', '2', '7', '3.70'),
(12, 182, '2023-02-18', NULL, NULL, 'FC Porto', 'Rio Ave', 1, 0, 2, 11, '8', '2', '10', '6.00'),
(13, 184, '2023-02-18', NULL, NULL, 'Sport Boys', 'Carlos Manucci', 0, 1, 10, 14, '10', '3', '13', '3.25'),
(14, 195, '2023-02-18', NULL, NULL, 'Feyenoord Rotterdam', 'AZ Alkmaar', 2, 1, 1, 2, '2', '5', '7', '3.70'),
(15, 196, '2023-02-18', NULL, NULL, 'Strasbourg', 'Angers SCO', 2, 1, 17, 20, '4', '5', '9', '3.35'),
(16, 185, '2023-02-18', NULL, NULL, 'Osasuna', 'Real Madrid', 0, 2, 9, 2, '5', '5', '10', '3.75'),
(17, 183, '2023-02-18', NULL, NULL, 'Lanus', 'Rosario Central', 3, 0, 2, 3, '5', '3', '8', '2.97'),
(18, 181, '2023-02-18', NULL, NULL, 'Cerro Montevideo', 'Deportivo Maldonado', 0, 0, 9, 5, '5', '4', '9', '3.15'),
(19, 186, '2023-02-18', NULL, NULL, 'Inter Milan', 'Udinese', 3, 1, 2, 7, '3', '8', '11', '4.70'),
(20, 197, '2023-02-18', NULL, NULL, 'Saint Gilloise', 'Standard Liege', 2, 4, 2, 6, '3', '0', '3', '4.20'),
(21, 198, '2023-02-18', NULL, NULL, 'Sligo Rovers', 'Shamrock Rovers', 1, 1, 9, 8, '6', '4', '10', '3.55'),
(22, 199, '2023-02-18', NULL, NULL, 'Young Boys', 'FC Lugano', 1, 1, 1, 4, '4', '4', '8', '4.60'),
(23, 200, '2023-02-18', NULL, NULL, 'FUS Fath Union Sportive Rabat', 'Club Salmi', 2, 0, 3, 8, '3', '3', '6', '3.35'),
(24, 189, '2023-02-18', NULL, NULL, 'Pogon Szczecin', 'Warta Poznan', 3, 1, 6, 10, '7', '4', '11', '3.15'),
(25, 51, '2023-02-18', NULL, NULL, 'Envigado', 'Alianza Petrolera', 0, 0, 5, 13, '6', '3', '9', '3.05'),
(26, 192, '2023-02-18', NULL, NULL, 'Deportivo La Guaira', 'Metropolitanos FC', 2, 0, 9, 11, '3', '3', '6', '2.97'),
(27, 180, '2023-02-18', NULL, NULL, 'Royal Pari FC', 'Atletico Palmaflor Vinto', 0, 3, 11, 7, '6', '8', '14', '3.70'),
(28, 201, '2023-02-18', NULL, NULL, 'Fehervar Videoton', 'Puskas Akademia Fehervar', 1, 1, 10, 4, '2', '4', '6', '3.00'),
(29, 104, '2023-02-18', NULL, NULL, 'Farul Constanta', 'Petrolul Ploiesti', 2, 0, 1, 7, '4', '3', '7', '3.55'),
(30, 182, '2023-02-18', NULL, NULL, 'Portimonense', 'Maritimo', 2, 1, 13, 17, '8', '1', '9', '3.15'),
(31, 182, '2023-02-18', NULL, NULL, 'GD Estoril-Praia', 'Pacos Ferreira', 1, 3, 14, 18, '5', '7', '12', '3.25'),
(32, 174, '2023-02-18', NULL, NULL, 'Asteras Tripolis', 'Pas Giannina', 1, 1, 10, 11, '0', '3', '3', '3.05'),
(33, 202, '2023-02-18', NULL, NULL, 'AmaZulu', 'TS Galaxy', 1, 2, 6, 10, '5', '0', '5', '2.78'),
(34, 184, '2023-02-18', NULL, NULL, 'Sport Huancayo', 'Cienciano', 1, 3, 7, 11, '10', '3', '13', '3.40'),
(35, 195, '2023-02-18', NULL, NULL, 'FC Groningen', 'Emmen', 1, 1, 18, 16, '9', '2', '11', '2.98'),
(36, 159, '2023-02-18', NULL, NULL, 'F.C. Ashdod', 'Maccabi Haifa', 3, 1, 8, 1, '1', '11', '12', '3.65'),
(37, 203, '2023-02-18', NULL, NULL, 'Newcastle United', 'Liverpool', 0, 2, 4, 9, '6', '7', '13', '3.35'),
(38, 204, '2023-02-18', NULL, NULL, 'Eintracht Frankfurt', 'Werder Bremen', 2, 0, 6, 9, '5', '2', '7', '4.40'),
(39, 94, '2023-02-18', NULL, NULL, 'Portadown FC', 'Glenavon Lurgan', 3, 1, 12, 9, '6', '9', '15', ''),
(40, 185, '2023-02-18', NULL, NULL, 'Mallorca', 'Villarreal', 4, 2, 10, 8, '4', '4', '8', '2.83'),
(41, 197, '2023-02-18', NULL, NULL, 'KV Oostende', 'Sporting Charleroi', 0, 0, 17, 12, '11', '3', '14', '3.55'),
(42, 197, '2023-02-18', NULL, NULL, 'Seraing United', 'Zulte Waregem', 1, 1, 18, 16, '4', '7', '11', '3.50'),
(43, 200, '2023-02-18', NULL, NULL, 'OCK Olympique de Khouribga', 'Hassania Agadir', 2, 0, 15, 13, '5', '7', '12', '2.75'),
(44, 199, '2023-02-18', NULL, NULL, 'Winterthur', 'Sion', 1, 1, 10, 8, '9', '5', '14', '3.30'),
(45, 186, '2023-02-18', NULL, NULL, 'S.S.D. Monza 1912', 'AC Milan', 0, 1, 10, 5, '10', '3', '13', '3.30'),
(46, 205, '2023-02-18', NULL, NULL, 'Teplice', 'Slavia Praha', 1, 1, 13, 1, '2', '8', '10', '6.80'),
(47, 106, '2023-02-18', NULL, NULL, 'Akritas Chloraka', 'Apollon Limassol FC', 1, 3, 14, 7, '3', '3', '6', '4.20'),
(48, 68, '2023-02-18', NULL, NULL, 'Bahrain SC', 'Al Hala', 2, 1, 11, 6, '8', '4', '12', '3.15'),
(49, 189, '2023-02-18', NULL, NULL, 'Rakow Czestochowa', 'Gornik Zabrze', 2, 0, 1, 13, '9', '2', '11', '4.00'),
(50, 159, '2023-02-18', NULL, NULL, 'Hapoel Jerusalem', 'Sektzia Nes Tziona', 1, 0, 6, 14, '5', '2', '7', '3.40'),
(51, 159, '2023-02-18', NULL, NULL, 'Hapoel Hadera', 'Hapoel Bnei Sakhnin FC', 1, 3, 9, 10, '4', '2', '6', '2.96'),
(52, 67, '2023-02-18', NULL, NULL, 'Gorica', 'FC Koper', 2, 2, 9, 4, '10', '3', '13', '3.05'),
(53, 165, '2023-02-18', NULL, NULL, 'Al-Jazira(UAE)', 'Baniyas', 2, 0, 6, 9, '5', '4', '9', '3.70'),
(54, 206, '2023-02-18', NULL, NULL, 'NK Lokomotiva Zagreb', 'NK Rijeka', 1, 2, 7, 8, '6', '4', '10', '3.40'),
(55, 207, '2023-02-18', NULL, NULL, 'FK Napredak Krusevac', 'Novi Pazar', 0, 1, 12, 6, '6', '5', '11', '2.92'),
(56, 196, '2023-02-18', NULL, NULL, 'Nice', 'Stade Reims', 0, 0, 7, 10, '9', '0', '9', '3.45'),
(57, 208, '2023-02-18', NULL, NULL, 'TSV Hartberg', 'Sturm Graz', 1, 2, 11, 2, '2', '2', '4', '4.20'),
(58, 208, '2023-02-18', NULL, NULL, 'SG Austria Klagenfurt', 'Wolfsberger AC', 0, 3, 7, 9, '7', '3', '10', '3.15'),
(59, 208, '2023-02-18', NULL, NULL, 'SV Ried', 'LASK Linz', 1, 1, 12, 3, '3', '4', '7', '3.95'),
(60, 201, '2023-02-18', NULL, NULL, 'Ferencvarosi TC', 'Kecskemeti TE', 1, 1, 1, 2, '13', '2', '15', '5.00'),
(61, 159, '2023-02-18', NULL, NULL, 'Hirnyk Kryvyi Rih', 'Maccabi Netanya', 1, 2, 12, 5, '3', '8', '11', '3.50'),
(62, 195, '2023-02-18', NULL, NULL, 'Volendam', 'Vitesse Arnhem', 2, 0, 15, 12, '5', '8', '13', '3.80'),
(63, 209, '2023-02-18', NULL, NULL, 'CSKA Sofia', 'Botev Plovdiv', 3, 1, 1, 10, '6', '2', '8', '4.10'),
(64, 202, '2023-02-18', NULL, NULL, 'Sekhukhune United', 'Richards Bay', 2, 0, 7, 4, '7', '5', '12', '2.76'),
(65, 185, '2023-02-18', NULL, NULL, 'Real Betis', 'Real Valladolid', 2, 1, 5, 13, '4', '6', '10', '3.65'),
(66, 203, '2023-02-18', NULL, NULL, 'Everton', 'Leeds United', 1, 0, 18, 17, '6', '4', '10', '3.05'),
(67, 203, '2023-02-18', NULL, NULL, 'Wolves', 'AFC Bournemouth', 0, 1, 15, 19, '12', '2', '14', '3.55'),
(68, 203, '2023-02-18', NULL, NULL, 'Nottingham Forest', 'Manchester City', 1, 1, 14, 1, '0', '10', '10', '5.20'),
(69, 203, '2023-02-18', NULL, NULL, 'Brighton Hove Albion', 'Fulham', 0, 1, 6, 7, '10', '2', '12', '4.40'),
(70, 203, '2023-02-18', NULL, NULL, 'Brentford', 'Crystal Palace', 1, 1, 8, 12, '2', '6', '8', '3.55'),
(71, 203, '2023-02-18', NULL, NULL, 'Chelsea FC', 'Southampton', 0, 1, 10, 20, '8', '2', '10', '4.60'),
(72, 94, '2023-02-18', NULL, NULL, 'Crusaders FC', 'Coleraine', 2, 0, 5, 4, '9', '1', '10', ''),
(73, 94, '2023-02-18', NULL, NULL, 'Linfield FC', 'Carrick Rangers', 2, 0, 3, 8, '4', '1', '5', ''),
(74, 94, '2023-02-18', NULL, NULL, 'Larne FC', 'Cliftonville', 2, 1, 1, 2, '3', '1', '4', ''),
(75, 115, '2023-02-18', NULL, NULL, 'Rotherham United', 'Coventry', 0, 2, 21, 18, '4', '2', '6', '3.30'),
(76, 115, '2023-02-18', NULL, NULL, 'Huddersfield Town', 'Birmingham', 2, 1, 23, 17, '4', '6', '10', '2.88'),
(77, 115, '2023-02-18', NULL, NULL, 'Luton Town', 'Burnley', 0, 1, 4, 1, '7', '5', '12', '3.05'),
(78, 115, '2023-02-18', NULL, NULL, 'Hull City', 'Preston North End', 0, 0, 12, 13, '11', '6', '17', '3.20'),
(79, 115, '2023-02-18', NULL, NULL, 'Blackburn Rovers', 'Swansea City', 1, 0, 8, 11, '6', '3', '9', '3.30'),
(80, 115, '2023-02-18', NULL, NULL, 'Wigan Athletic', 'Norwich City', 0, 0, 22, 9, '3', '5', '8', '3.35'),
(81, 115, '2023-02-18', NULL, NULL, 'Middlesbrough', 'Queens Park Rangers', 3, 1, 3, 16, '9', '9', '18', '3.90'),
(82, 115, '2023-02-18', NULL, NULL, 'Blackpool', 'Stoke City', 1, 0, 24, 19, '3', '5', '8', '3.35'),
(83, 115, '2023-02-18', NULL, NULL, 'Sunderland', 'Bristol City', 1, 1, 5, 15, '2', '4', '6', '3.55'),
(84, 197, '2023-02-18', NULL, NULL, 'Royal Antwerp FC', 'AS Eupen', 2, 0, 3, 14, '7', '4', '11', '4.40'),
(85, 151, '2023-02-18', NULL, NULL, 'Livingston', 'Glasgow Rangers', 0, 3, 4, 2, '2', '9', '11', '4.60'),
(86, 151, '2023-02-18', NULL, NULL, 'Celtic', 'Aberdeen', 4, 0, 1, 7, '8', '0', '8', '7.40'),
(87, 151, '2023-02-18', NULL, NULL, 'St. Mirren', 'Ross County', 1, 0, 6, 11, '10', '8', '18', '2.97'),
(88, 151, '2023-02-18', NULL, NULL, 'Dundee United', 'St. Johnstone', 1, 2, 12, 8, '11', '6', '17', '2.91'),
(89, 151, '2023-02-18', NULL, NULL, 'Hibernian FC', 'Kilmarnock', 2, 0, 5, 10, '8', '4', '12', '3.30'),
(90, 174, '2023-02-18', NULL, NULL, 'Panathinaikos', 'Volos NFC', 2, 0, 1, 5, '13', '0', '13', '4.50'),
(91, 153, '2023-02-18', NULL, NULL, 'Al Khaleej Club', 'Dhamk', 2, 0, 14, 7, '5', '5', '10', '3.15'),
(92, 204, '2023-02-18', NULL, NULL, 'Monchengladbach', 'Bayern Munich', 3, 2, 10, 1, '4', '0', '4', '5.20'),
(93, 204, '2023-02-18', NULL, NULL, 'Bochum', 'SC Freiburg', 0, 2, 15, 4, '5', '5', '10', '3.30'),
(94, 204, '2023-02-18', NULL, NULL, 'Wolfsburg', 'RB Leipzig', 0, 3, 7, 5, '2', '5', '7', '3.55'),
(95, 204, '2023-02-18', NULL, NULL, 'VfB Stuttgart', 'Koln', 3, 0, 17, 11, '3', '6', '9', '3.25'),
(96, 120, '2023-02-18', NULL, NULL, 'Haverfordwest County', 'Flint Town United', 3, 1, 7, 9, '9', '1', '10', '3.60'),
(97, 120, '2023-02-18', NULL, NULL, 'Connahs Quay Nomads FC', 'Bala Town', 1, 1, 2, 5, '2', '5', '7', '3.40'),
(98, 120, '2023-02-18', NULL, NULL, 'The New Saints', 'Newtown AFC', 1, 0, 1, 6, '13', '3', '16', ''),
(99, 189, '2023-02-18', NULL, NULL, 'Korona Kielce', 'Lechia Gdansk', 1, 0, 17, 14, '9', '5', '14', '3.05'),
(100, 207, '2023-02-18', NULL, NULL, 'Crvena Zvezda', 'Cukaricki', 3, 0, 1, 4, '7', '3', '10', '6.60'),
(101, 210, '2023-02-18', NULL, NULL, 'Zemplin Michalovce', 'DAC Dunajska Streda', 0, 2, 8, 2, '5', '5', '10', '3.20'),
(102, 210, '2023-02-18', NULL, NULL, 'Slovan Bratislava', 'Dukla Banska Bystrica', 2, 2, 1, 7, '11', '3', '14', '6.20'),
(103, 210, '2023-02-18', NULL, NULL, 'Trencin', 'Zlate Moravce', 1, 1, 10, 9, '10', '4', '14', '3.25'),
(104, 67, '2023-02-18', NULL, NULL, 'Radomlje', 'NK Mura 05', 0, 0, 10, 5, '4', '3', '7', '3.30'),
(105, 186, '2023-02-18', NULL, NULL, 'Sampdoria', 'Bologna', 1, 2, 19, 11, '1', '8', '9', '3.15'),
(106, 205, '2023-02-18', NULL, NULL, 'Slovan Liberec', 'SK Sigma Olomouc', 2, 2, 8, 6, '8', '3', '11', '3.05'),
(107, 205, '2023-02-18', NULL, NULL, 'Brno', 'Banik Ostrava', 2, 1, 11, 9, '2', '13', '15', '3.25'),
(108, 205, '2023-02-18', NULL, NULL, 'Hradec Kralove', 'Mlada Boleslav', 0, 1, 7, 10, '3', '6', '9', '3.15'),
(109, 206, '2023-02-18', NULL, NULL, 'Istra 1961', 'NK Osijek', 1, 0, 5, 3, '3', '1', '4', '2.92'),
(110, 106, '2023-02-18', NULL, NULL, 'Aris Limassol', 'Nea Salamis', 3, 0, 4, 5, '2', '2', '4', '3.85'),
(111, 110, '2023-02-18', NULL, NULL, 'Mohun Bagan', 'Kerala Blasters FC', 2, 1, 6, 3, '4', '2', '6', '3.80'),
(112, 179, '2023-02-18', NULL, NULL, 'Coquimbo Unido', 'Huachipato', 1, 2, 14, 1, '10', '1', '11', '3.05'),
(113, 68, '2023-02-18', NULL, NULL, 'East Riffa', 'Al-Budaiya', 2, 1, 9, 12, '6', '3', '9', '3.20'),
(114, 201, '2023-02-18', NULL, NULL, 'Paksi SE', 'Mezokovesd Zsory', 0, 2, 7, 8, '6', '3', '9', '3.50'),
(115, 202, '2023-02-18', NULL, NULL, 'Bloemfontein Celtic', 'Supersport United', 1, 1, 9, 2, '7', '10', '17', '2.99'),
(116, 165, '2023-02-18', NULL, NULL, 'Al Wahda', 'Al Bataeh', 2, 1, 5, 11, '10', '3', '13', '7.20'),
(117, 165, '2023-02-18', NULL, NULL, 'Ajman Club', 'Dabba Al-Fujairah', 3, 2, 7, 14, '7', '2', '9', '3.60'),
(118, 147, '2023-02-18', NULL, NULL, 'FC Neftci Baku', 'Sabail', 3, 0, 3, 10, '3', '3', '6', '4.30'),
(119, 159, '2023-02-18', NULL, NULL, 'Hapoel Ironi Kiryat Shmona', 'Hapoel Tel Aviv', 0, 1, 13, 11, '6', '8', '14', '3.10'),
(120, 185, '2023-02-18', NULL, NULL, 'Real Sociedad', 'Celta Vigo', 1, 1, 3, 14, '3', '7', '10', '3.45'),
(121, 209, '2023-02-18', NULL, NULL, 'Cherno More Varna', 'Beroe', 1, 1, 7, 11, '3', '4', '7', '3.70'),
(122, 153, '2023-02-18', NULL, NULL, 'Al-Fateh SC', 'Al-Baten', 2, 0, 6, 16, '4', '3', '7', '4.30'),
(123, 120, '2023-02-18', NULL, NULL, 'Aberystwyth Town', 'Pontypridd', 3, 3, 10, 11, '4', '3', '7', '3.25'),
(124, 203, '2023-02-18', NULL, NULL, 'Aston Villa', 'Arsenal', 2, 4, 11, 2, '2', '9', '11', '3.55'),
(125, 115, '2023-02-18', NULL, NULL, 'Millwall', 'Sheffield United', 3, 2, 7, 2, '4', '5', '9', '3.05'),
(126, 104, '2023-02-18', NULL, NULL, 'Hermannstadt', 'UTA Arad', 0, 0, 13, 15, '2', '4', '6', '2.84'),
(127, 211, '2023-02-18', NULL, NULL, 'Hải Phòng', 'Hồng Lĩnh Hà Tĩnh', 2, 3, 5, 12, '11', '3', '14', '3.20'),
(128, 207, '2023-02-18', NULL, NULL, 'Radnicki Nis', 'Radnik Surdulica', 0, 0, 11, 16, '8', '5', '13', '3.45'),
(129, 67, '2023-02-18', NULL, NULL, 'Tabor Sezana', 'NK Publikum Celje', 2, 2, 8, 2, '1', '12', '13', '3.30'),
(130, 110, '2023-02-18', NULL, NULL, 'Hyderabad FC', 'Jamshedpur FC', 2, 3, 2, 10, '7', '6', '13', '3.40'),
(131, 212, '2023-02-18', NULL, NULL, 'Chiangrai United', 'Khonkaen United', 3, 1, 5, 10, '7', '4', '11', '3.50'),
(132, 87, '2023-02-18', NULL, NULL, 'Perth Glory FC', 'Central Coast Mariners FC', 2, 2, 9, 2, '4', '16', '20', '3.40'),
(133, 212, '2023-02-18', NULL, NULL, 'Buriram United', 'BEC Tero Sasana', 3, 0, 1, 7, '10', '3', '13', '7.60'),
(134, 212, '2023-02-18', NULL, NULL, 'Bangkok Glass', 'Prachuap Khiri Khan', 2, 1, 8, 12, '10', '6', '16', '3.75'),
(135, 147, '2023-02-18', NULL, NULL, 'FK Gilan Garabag', 'Standard Sumqayit', 2, 1, 5, 7, '2', '4', '6', '3.65'),
(136, 211, '2023-02-18', NULL, NULL, 'SHB Đà Nẵng', 'TopenLand Bình Định', 2, 3, 14, 4, '11', '3', '14', '3.05'),
(137, 77, '2023-02-18', NULL, NULL, 'Bali United FC', 'Persebaya Surabaya', 4, 0, 6, 7, '5', '1', '6', '4.10'),
(138, 87, '2023-02-18', NULL, NULL, 'Melbourne Victory FC', 'Melbourne City', 3, 2, 12, 1, '4', '5', '9', '3.40'),
(139, 77, '2023-02-18', NULL, NULL, 'Arema Malang', 'Barito Putera', 1, 0, 11, 16, '10', '1', '11', '3.20'),
(140, 87, '2023-02-18', NULL, NULL, 'FC Macarthur', 'Newcastle Jets FC', 0, 1, 8, 7, '6', '4', '10', '3.45'),
(141, 87, '2023-02-18', NULL, NULL, 'Sydney FC', 'Brisbane Roar FC', 1, 1, 6, 10, '7', '2', '9', '3.40'),
(142, 213, '2023-02-18', NULL, NULL, 'Sagan Tosu', 'Shonan Bellmare', 1, 5, 11, 12, '3', '5', '8', '2.96'),
(143, 213, '2023-02-18', NULL, NULL, 'Kashiwa Reysol', 'Gamba Osaka', 2, 2, 7, 15, '5', '3', '8', '3.40'),
(144, 213, '2023-02-18', NULL, NULL, 'Vissel Kobe', 'Avispa Fukuoka', 1, 0, 13, 14, '6', '3', '9', '2.97'),
(145, 213, '2023-02-18', NULL, NULL, 'Cerezo Osaka', 'Albirex Niigata', 2, 2, 5, 1, '6', '5', '11', '3.20'),
(146, 213, '2023-02-18', NULL, NULL, 'FC Tokyo', 'Urawa Red Diamonds', 2, 0, 6, 9, '2', '0', '2', '3.05'),
(147, 213, '2023-02-18', NULL, NULL, 'Yokohama FC', 'Nagoya Grampus Eight', 0, 1, 2, 8, '9', '3', '12', '3.30'),
(148, 213, '2023-02-18', NULL, NULL, 'Sanfrecce Hiroshima', 'Consadole Sapporo', 0, 0, 3, 10, '12', '0', '12', '3.40'),
(149, 213, '2023-02-18', NULL, NULL, 'Kyoto Purple Sanga', 'Kashima Antlers', 0, 2, 16, 4, '3', '4', '7', '3.20'),
(150, 191, '2023-02-18', NULL, NULL, 'Puebla', 'Cruz Azul', 1, 3, 15, 17, '2', '4', '6', '3.45'),
(151, 193, '2023-02-18', NULL, NULL, 'Alajuelense', 'AD Grecia', 5, 0, 1, 10, '8', '1', '9', '5.80'),
(152, 191, '2023-02-25', NULL, NULL, 'Necaxa', 'Queretaro FC', 1, 1, 12, 17, '3', '3', '6', '0.25'),
(153, 51, '2023-02-25', NULL, NULL, 'Aguilas Doradas', 'Atletico Bucaramanga', 1, 0, 3, 4, '10', '2', '12', '0.75'),
(154, 183, '2023-02-25', NULL, NULL, 'Rosario Central', 'Godoy Cruz', 1, 0, 9, 12, '1', '3', '4', '0.25'),
(155, 183, '2023-02-25', NULL, NULL, 'Belgrano', 'Tigre', 0, 2, 10, 15, '2', '3', '5', '0'),
(156, 180, '2023-02-25', NULL, NULL, 'Real Tomayapo', 'Royal Pari FC', 0, 2, 10, 13, '9', '2', '11', '0.25'),
(157, 214, '2023-02-25', NULL, NULL, 'Deportivo Cuenca', 'Liga Dep. Universitaria Quito', 2, 0, 6, 4, '4', '8', '12', '0.75'),
(158, 194, '2023-02-24', NULL, NULL, 'Cerro Porteno', 'Resistencia SC', 1, 1, 2, 11, '7', '3', '10', '1.25'),
(159, 192, '2023-02-24', NULL, NULL, 'Monagas SC', 'Angostura FC', 1, 0, 6, 2, '4', '2', '6', '0.75'),
(160, 179, '2023-02-24', NULL, NULL, 'Curico Unido', 'Universidad de Chile', 1, 3, 10, 4, '4', '3', '7', '0.75'),
(161, 194, '2023-02-24', NULL, NULL, 'Sportivo Ameliano', 'FC Nacional Asuncion', 0, 0, 10, 5, '2', '4', '6', '0'),
(162, 192, '2023-02-24', NULL, NULL, 'CD Hermanos Colmenares', 'Deportivo La Guaira', 0, 0, 7, 4, '5', '4', '9', '0'),
(163, 182, '2023-02-24', NULL, NULL, 'FC Famalicao', 'Portimonense', 1, 0, 13, 10, '7', '8', '15', '0.5'),
(164, 203, '2023-02-24', NULL, NULL, 'Fulham', 'Wolves', 1, 1, 6, 15, '3', '3', '6', '0'),
(165, 196, '2023-02-24', NULL, NULL, 'Lille OSC', 'Stade Brestois', 2, 1, 6, 16, '11', '2', '13', '1.5'),
(166, 185, '2023-02-24', NULL, NULL, 'Elche', 'Real Betis', 2, 3, 20, 5, '3', '3', '6', '-0.5'),
(167, 94, '2023-02-24', NULL, NULL, 'Portadown FC', 'Dungannon Swifts', 3, 1, 12, 10, '6', '1', '7', '0'),
(168, 197, '2023-02-24', NULL, NULL, 'Zulte Waregem', 'Kortrijk', 3, 3, 16, 14, '8', '5', '13', '0.25'),
(169, 198, '2023-02-24', NULL, NULL, 'Drogheda United', 'Shamrock Rovers', 1, 1, 8, 7, '12', '11', '23', '-1.25'),
(170, 198, '2023-02-24', NULL, NULL, 'St. Patricks', 'Shelbourne', 1, 0, 3, 9, '3', '11', '14', '0.5'),
(171, 198, '2023-02-24', NULL, NULL, 'UC Dublin', 'Sligo Rovers', 2, 3, 5, 4, '3', '3', '6', '-1'),
(172, 198, '2023-02-24', NULL, NULL, 'Bohemians', 'Dundalk', 2, 1, 1, 6, '9', '2', '11', '0.25'),
(173, 198, '2023-02-24', NULL, NULL, 'Derry City', 'Cork City', 2, 0, 2, 10, '5', '4', '9', '1.25'),
(174, 120, '2023-02-24', NULL, NULL, 'Caernarfon', 'Flint Town United', 2, 2, 8, 9, '4', '5', '9', '0.25'),
(175, 189, '2023-02-24', NULL, NULL, 'Legia Warszawa', 'Widzew lodz', 2, 2, 2, 4, '8', '5', '13', '0.5'),
(176, 204, '2023-02-24', NULL, NULL, 'Mainz', 'Monchengladbach', 4, 0, 9, 8, '3', '3', '6', '0.25'),
(177, 208, '2023-02-24', NULL, NULL, 'LASK Linz', 'Lustenau Áo', 1, 0, 3, 8, '3', '3', '6', '1.25'),
(178, 195, '2023-02-24', NULL, NULL, 'Sparta Rotterdam', 'FC Utrecht', 0, 3, 6, 7, '0', '6', '6', '0.75'),
(179, 201, '2023-02-24', NULL, NULL, 'Mezokovesd Zsory', 'Budapest Honved', 0, 0, 6, 12, '4', '5', '9', '0.25'),
(180, 104, '2023-02-24', NULL, NULL, 'UTA Arad', 'Farul Constanta', 0, 1, 15, 1, '6', '3', '9', '0.75'),
(181, 215, '2023-02-24', NULL, NULL, 'FC Nordsjaelland', 'Odense BK', 4, 2, 1, 6, '5', '5', '10', '0.75'),
(182, 174, '2023-02-24', NULL, NULL, 'Volos NFC', 'Lamia', 1, 1, 5, 14, '3', '2', '5', '0.5'),
(183, 202, '2023-02-24', NULL, NULL, 'Supersport United', 'Maritzburg United', 2, 0, 2, 15, '6', '4', '10', '0.75'),
(184, 189, '2023-02-24', NULL, NULL, 'Jagiellonia Bialystok', 'Rakow Czestochowa', 1, 2, 12, 1, '2', '12', '14', '-1'),
(185, 207, '2023-02-24', NULL, NULL, 'Cukaricki', 'Kolubara', 3, 0, 4, 9, '5', '2', '7', '1.5'),
(186, 106, '2023-02-24', NULL, NULL, 'Doxa Katokopias', 'Karmiotissa Pano Polemidion', 3, 2, 12, 10, '3', '4', '7', '0.25'),
(187, 106, '2023-02-24', NULL, NULL, 'Pafos FC', 'Aris Limassol', 1, 1, 4, 3, '5', '3', '8', '0.5'),
(188, 68, '2023-02-24', NULL, NULL, 'Al-Muharraq', 'Al Riffa Club', 0, 0, 4, 5, '3', '8', '11', '0'),
(189, 210, '2023-02-24', NULL, NULL, 'Sport Podbrezova', 'Zemplin Michalovce', 2, 2, 4, 9, '8', '5', '13', '0.5'),
(190, 104, '2023-02-24', NULL, NULL, 'Universitatea Craiova', 'CS Mioveni', 2, 1, 7, 16, '6', '4', '10', '1'),
(191, 206, '2023-02-24', NULL, NULL, 'HNK Sibenik', 'Istra 1961', 0, 0, 9, 4, '4', '4', '8', '0'),
(192, 145, '2023-02-24', NULL, NULL, 'Al-Qadsia SC', 'Al Kuwait SC', 1, 1, 5, 1, '2', '8', '10', '0.75'),
(193, 207, '2023-02-24', NULL, NULL, 'Vojvodina', 'Radnik Surdulica', 1, 1, 5, 16, '12', '2', '14', '1.25'),
(194, 153, '2023-02-24', NULL, NULL, 'Al-Adalh', 'Al Khaleej Club', 2, 0, 15, 13, '2', '8', '10', '0.75'),
(195, 147, '2023-02-24', NULL, NULL, 'Sabail', 'FK Gilan Garabag', 2, 2, 10, 5, '3', '3', '6', '0.75'),
(196, 110, '2023-02-24', NULL, NULL, 'Chennaiyin FC', 'Northeast United', 4, 3, 8, 11, '8', '2', '10', '2'),
(197, 70, '2023-02-24', NULL, NULL, 'HB Chelghoum Laid', 'CS Constantine', 1, 1, 16, 2, '1', '7', '8', '-3'),
(198, 70, '2023-02-24', NULL, NULL, 'Paradou AC', 'ASO Chlef', 2, 2, 14, 12, '2', '1', '3', '0.25'),
(199, 68, '2023-02-24', NULL, NULL, 'Al Hidd', 'East Riffa', 0, 0, 8, 9, '1', '9', '10', '0'),
(200, 68, '2023-02-24', NULL, NULL, 'Al Khaldiya', 'Manama Club', 0, 1, 2, 1, '4', '3', '7', '0'),
(201, 153, '2023-02-24', NULL, NULL, 'Abha', 'Al Wehda Mecca', 1, 2, 9, 14, '7', '1', '8', '0.5'),
(202, 216, '2023-02-24', NULL, NULL, 'Johor Darul Takzim', 'Terengganu', 2, 0, 1, 2, '7', '4', '11', '1.5'),
(203, 84, '2023-02-24', NULL, NULL, 'FK Van Charentsavan', 'FC Pyunik', 0, 3, 5, 3, '2', '2', '4', '-0.75'),
(204, 213, '2023-02-24', NULL, NULL, 'Shonan Bellmare', 'Yokohama FC', 2, 2, 1, 14, '9', '9', '18', '0.75'),
(205, 147, '2023-02-24', NULL, NULL, 'Turan Tovuz', 'Zira FK', 0, 2, 6, 4, '8', '3', '11', '0.75'),
(206, 87, '2023-02-24', NULL, NULL, 'Central Coast Mariners FC', 'Wellington Phoenix', 1, 1, 2, 5, '7', '6', '13', '0.75'),
(207, 77, '2023-02-24', NULL, NULL, 'Persebaya Surabaya', 'PSM Makassar', 0, 1, 7, 1, '6', '4', '10', '0.75'),
(208, 77, '2023-02-26', NULL, NULL, 'Madura United', 'Persija Jakarta', 0, 0, 6, 3, '2', '6', '8', '0.25'),
(209, 217, '2023-02-26', NULL, NULL, 'Daejeon Citizen', 'Gangwon FC', 2, 0, 2, 6, '0', '7', '7', '0.25'),
(210, 87, '2023-02-26', NULL, NULL, 'Brisbane Roar FC', 'Perth Glory FC', 2, 1, 12, 9, '3', '7', '10', '0.25'),
(211, 213, '2023-02-26', NULL, NULL, 'Kashiwa Reysol', 'FC Tokyo', 1, 1, 10, 5, '2', '3', '5', '0'),
(212, 217, '2023-02-26', NULL, NULL, 'Pohang Steelers', 'Daegu FC', 3, 2, 3, 9, '2', '3', '5', '0.25'),
(213, 217, '2023-02-26', NULL, NULL, 'Jeju United FC', 'Suwon FC', 0, 0, 5, 7, '8', '1', '9', '0.75'),
(214, 213, '2023-02-26', NULL, NULL, 'Sanfrecce Hiroshima', 'Albirex Niigata', 1, 2, 12, 11, '11', '1', '12', '0.75'),
(215, 87, '2023-02-26', NULL, NULL, 'Melbourne Victory FC', 'Adelaide United FC', 1, 1, 11, 4, '5', '5', '10', '0.25'),
(216, 218, '2023-02-26', NULL, NULL, 'Vancouver Whitecaps FC', 'Real Salt Lake', 1, 2, 10, 7, '10', '6', '16', '0.25'),
(217, 191, '2023-02-26', NULL, NULL, 'Atlas', 'Club America', 2, 2, 14, 3, '1', '7', '8', '-0.5'),
(218, 218, '2023-02-26', NULL, NULL, 'FC Dallas', 'Minnesota United FC', 0, 1, 3, 6, '9', '0', '9', '0.75'),
(219, 218, '2023-02-26', NULL, NULL, 'Austin FC', 'St. Louis City', 2, 3, 2, 14, '8', '8', '16', '1.25'),
(220, 51, '2023-02-26', NULL, NULL, 'America de Cali', 'Envigado', 1, 0, 2, 5, '4', '9', '13', '1'),
(221, 191, '2023-02-26', NULL, NULL, 'U.A.N.L.- Tigres', 'Chivas Guadalajara', 1, 2, 2, 6, '9', '3', '12', '0.75'),
(222, 218, '2023-02-26', NULL, NULL, 'Washington D.C. United', 'Toronto FC', 3, 2, 14, 13, '3', '2', '5', '0'),
(223, 218, '2023-02-26', NULL, NULL, 'Charlotte FC', 'New England Revolution', 0, 1, 15, 3, '8', '6', '14', '0.5'),
(224, 218, '2023-02-26', NULL, NULL, 'Atlanta United', 'San Jose Earthquakes', 2, 1, 11, 14, '8', '3', '11', '0.75'),
(225, 218, '2023-02-26', NULL, NULL, 'FC Cincinnati', 'Houston Dynamo', 2, 1, 12, 7, '0', '7', '7', '1'),
(226, 218, '2023-02-26', NULL, NULL, 'Orlando City', 'New York Red Bulls', 1, 0, 7, 4, '4', '3', '7', '0.25'),
(227, 218, '2023-02-26', NULL, NULL, 'Philadelphia Union', 'Columbus Crew', 4, 1, 8, 5, '2', '2', '4', '1'),
(228, 218, '2023-02-26', NULL, NULL, 'Inter Miami CF', 'Montreal Impact', 2, 0, 6, 2, '4', '4', '8', '0.25'),
(229, 183, '2023-02-26', NULL, NULL, 'Velez Sarsfield', 'Boca Juniors', 1, 2, 15, 9, '4', '3', '7', '0.25'),
(230, 180, '2023-02-26', NULL, NULL, 'Independiente Petrolero', 'Blooming', 2, 0, 17, 15, '12', '5', '17', '0.75'),
(231, 214, '2023-02-26', NULL, NULL, 'Gualaceo SC', 'Barcelona SC(ECU)', 2, 1, 13, 8, '9', '14', '23', '0.75'),
(232, 194, '2023-02-25', NULL, NULL, 'Libertad Asuncion', 'Tacuary FBC', 1, 0, 1, 12, '9', '0', '9', '1.5'),
(233, 192, '2023-02-25', NULL, NULL, 'Carabobo FC', 'Deportivo Tachira', 1, 3, 7, 4, '2', '5', '7', '0'),
(234, 179, '2023-02-25', NULL, NULL, 'Univ. Catolica', 'Palestino', 5, 2, 3, 4, '2', '9', '11', '0.5'),
(235, 51, '2023-02-25', NULL, NULL, 'Jaguares de Cordoba', 'Deportivo Pereira', 2, 0, 11, 8, '4', '3', '7', '0.25'),
(236, 191, '2023-02-25', NULL, NULL, 'Cruz Azul', 'FC Juarez', 1, 0, 13, 8, '2', '7', '9', '0.75'),
(237, 181, '2023-02-25', NULL, NULL, 'Defensor SC', 'CA Penarol', 2, 2, 10, 1, '4', '8', '12', '-0.5'),
(238, 183, '2023-02-25', NULL, NULL, 'Estudiantes La Plata', 'Sarmiento Junin', 1, 1, 20, 19, '4', '3', '7', '0.75'),
(239, 183, '2023-02-25', NULL, NULL, 'CA Platense', 'Talleres Cordoba', 2, 4, 17, 4, '4', '2', '6', '0.75'),
(240, 218, '2023-02-25', NULL, NULL, 'Nashville', 'New York City FC', 2, 0, 11, 10, '8', '3', '11', '0.5'),
(241, 180, '2023-02-25', NULL, NULL, 'Nacional Potosi', 'Libertad Gran Mamore FC', 5, 1, 11, 9, '6', '3', '9', '1.75'),
(242, 214, '2023-02-25', NULL, NULL, 'Guayaquil City', 'Cumbaya FC', 1, 1, 12, 11, '5', '2', '7', '0.25'),
(243, 193, '2023-02-25', NULL, NULL, 'Guanacasteca', 'AD San Carlos', 1, 0, 5, 8, '5', '9', '14', '0.25'),
(244, 51, '2023-02-25', NULL, NULL, 'Atletico Junior Barranquilla', 'La Equidad', 1, 0, 17, 10, '6', '3', '9', '0.75'),
(245, 194, '2023-02-25', NULL, NULL, 'Guarani CA', 'Sportivo Luqueno', 3, 1, 6, 11, '11', '0', '11', '0.5'),
(246, 192, '2023-02-25', NULL, NULL, 'Metropolitanos FC', 'Zamora FC Barinas', 1, 2, 13, 10, '3', '4', '7', '0.5'),
(247, 182, '2023-02-25', NULL, NULL, 'Vizela', 'SL Benfica', 0, 2, 9, 1, '6', '5', '11', '-1.25'),
(248, 184, '2023-02-25', NULL, NULL, 'Deportivo Garcilaso', 'Atletico Grau', 2, 0, 4, 1, '5', '3', '8', '0.5'),
(249, 195, '2023-02-25', NULL, NULL, 'N.E.C. Nijmegen', 'Volendam', 3, 0, 10, 14, '6', '1', '7', '1.25'),
(250, 196, '2023-02-25', NULL, NULL, 'Montpellier', 'Lens', 1, 1, 14, 4, '4', '6', '10', '-0.5'),
(251, 185, '2023-02-25', NULL, NULL, 'Valencia', 'Real Sociedad', 1, 0, 19, 3, '7', '8', '15', '0.75'),
(252, 183, '2023-02-25', NULL, NULL, 'San Lorenzo', 'Union Santa Fe', 1, 0, 7, 23, '3', '6', '9', '0.25'),
(253, 181, '2023-02-25', NULL, NULL, 'CA Fenix', 'Cerro Largo', 0, 0, 11, 3, '3', '4', '7', '0.25'),
(254, 203, '2023-02-25', NULL, NULL, 'Crystal Palace', 'Liverpool', 0, 0, 12, 8, '5', '3', '8', '-0.75'),
(255, 186, '2023-02-25', NULL, NULL, 'Lecce', 'US Sassuolo Calcio', 0, 1, 13, 15, '4', '7', '11', '0'),
(256, 197, '2023-02-25', NULL, NULL, 'Westerlo', 'Saint Gilloise', 4, 2, 7, 2, '4', '6', '10', '0.75'),
(257, 199, '2023-02-25', NULL, NULL, 'Zurich', 'Young Boys', 2, 2, 8, 1, '1', '8', '9', '0'),
(258, 200, '2023-02-25', NULL, NULL, 'SCCM Chabab Mohamedia', 'DHJ Difaa Hassani Jadidi', 2, 1, 11, 10, '6', '5', '11', '0.25'),
(259, 180, '2023-02-25', NULL, NULL, 'Real Santa Cruz', 'Club Guabira', 0, 0, 10, 12, '4', '1', '5', '0'),
(260, 67, '2023-02-25', NULL, NULL, 'FC Koper', 'NK Olimpija Ljubljana', 0, 1, 4, 1, '4', '6', '10', '0'),
(261, 189, '2023-02-25', NULL, NULL, 'Lechia Gdansk', 'Radomiak Radom', 1, 3, 15, 8, '6', '6', '12', '0'),
(262, 195, '2023-02-25', NULL, NULL, 'AZ Alkmaar', 'SC Cambuur', 2, 1, 3, 18, '5', '1', '6', '1.75'),
(263, 214, '2023-02-25', NULL, NULL, 'Independiente Jose Teran', 'Mushuc Runa', 3, 1, 2, 14, '9', '3', '12', '1'),
(264, 201, '2023-02-25', NULL, NULL, 'Vasas', 'Varda SE', 2, 2, 12, 3, '2', '7', '9', '0.75'),
(265, 174, '2023-02-25', NULL, NULL, 'Olympiakos Piraeus', 'Panathinaikos', 0, 0, 3, 1, '7', '1', '8', '0.25'),
(266, 159, '2023-02-25', NULL, NULL, 'Maccabi Haifa', 'Beitar Jerusalem', 2, 1, 1, 6, '9', '5', '14', '1.25'),
(267, 104, '2023-02-25', NULL, NULL, 'FC Rapid Bucuresti', 'Chindia Targoviste', 2, 0, 4, 10, '6', '3', '9', '0.5'),
(268, 182, '2023-02-25', NULL, NULL, 'Maritimo', 'Santa Clara', 3, 1, 17, 16, '9', '4', '13', '0.25'),
(269, 202, '2023-02-25', NULL, NULL, 'AmaZulu', 'Bloemfontein Celtic', 1, 1, 11, 9, '6', '3', '9', '0.25'),
(270, 184, '2023-02-25', NULL, NULL, 'Alianza Atletico', 'Sport Huancayo', 4, 2, 9, 12, '10', '7', '17', '0.5'),
(271, 195, '2023-02-25', NULL, NULL, 'SC Heerenveen', 'RKC Waalwijk', 1, 4, 8, 9, '5', '0', '5', '0.5'),
(272, 203, '2023-02-25', NULL, NULL, 'AFC Bournemouth', 'Manchester City', 1, 4, 17, 2, '4', '6', '10', '-1.75'),
(273, 204, '2023-02-25', NULL, NULL, 'Schalke 04', 'VfB Stuttgart', 2, 1, 18, 14, '6', '9', '15', '0.75'),
(274, 185, '2023-02-25', NULL, NULL, 'Real Madrid', 'Atletico Madrid', 1, 1, 2, 4, '7', '4', '11', '0.5'),
(275, 197, '2023-02-25', NULL, NULL, 'AS Eupen', 'Cercle Brugge', 2, 2, 15, 8, '4', '6', '10', '-0.5'),
(276, 197, '2023-02-25', NULL, NULL, 'Genk', 'KV Oostende', 3, 0, 1, 17, '4', '4', '8', '1.25'),
(277, 200, '2023-02-25', NULL, NULL, 'Hassania Agadir', 'IRT Itihad de Tanger', 1, 0, 14, 16, '7', '1', '8', '0.25'),
(278, 206, '2023-02-25', NULL, NULL, 'NK Rijeka', 'Slaven Belupo Koprivnica', 0, 1, 6, 5, '8', '1', '9', '0.75'),
(279, 159, '2023-02-25', NULL, NULL, 'Maccabi Netanya', 'Hapoel Hadera', 1, 0, 4, 10, '6', '3', '9', '0.75'),
(280, 207, '2023-02-25', NULL, NULL, 'Novi Pazar', 'Mladost Novi Sad', 1, 0, 6, 15, '5', '1', '6', '0.75'),
(281, 199, '2023-02-25', NULL, NULL, 'Sion', 'St. Gallen', 0, 4, 9, 3, '5', '2', '7', '0.75'),
(282, 186, '2023-02-25', NULL, NULL, 'Empoli', 'Napoli', 0, 2, 12, 1, '4', '13', '17', '-1.25'),
(283, 205, '2023-02-25', NULL, NULL, 'FC Viktoria Plzen', 'Slovan Liberec', 2, 1, 2, 8, '5', '9', '14', '1.25'),
(284, 106, '2023-02-25', NULL, NULL, 'Omonia Nicosia FC', 'APOEL Nicosia', 0, 2, 5, 2, '2', '4', '6', '0.75'),
(285, 174, '2023-02-25', NULL, NULL, 'Pas Giannina', 'PAOK Saloniki', 0, 0, 11, 4, '2', '7', '9', '-1'),
(286, 70, '2023-02-25', NULL, NULL, 'JS Saoura', 'US Biskra', 1, 1, 3, 11, '10', '1', '11', '1.25'),
(287, 68, '2023-02-25', NULL, NULL, 'Al-Budaiya', 'Bahrain SC', 1, 0, 12, 10, '6', '8', '14', '-0.5'),
(288, 189, '2023-02-25', NULL, NULL, 'Warta Poznan', 'Korona Kielce', 5, 1, 10, 17, '4', '6', '10', '0.5'),
(289, 159, '2023-02-25', NULL, NULL, 'Hapoel Bnei Sakhnin FC', 'Hapoel Ironi Kiryat Shmona', 1, 3, 9, 13, '3', '6', '9', '0.25'),
(290, 219, '2023-02-25', NULL, NULL, 'Al-Shamal', 'Al-Wakra', 0, 0, 10, 7, '5', '3', '8', '-0.5'),
(291, 145, '2023-02-25', NULL, NULL, 'Kazma', 'Al-Ttadamon', 5, 2, 4, 9, '5', '2', '7', '0.75'),
(292, 196, '2023-02-25', NULL, NULL, 'Angers SCO', 'Lyonnais', 1, 3, 20, 9, '2', '2', '4', '-0.75'),
(293, 208, '2023-02-25', NULL, NULL, 'Sturm Graz', 'SG Austria Klagenfurt', 1, 2, 2, 7, '7', '2', '9', '1.25'),
(294, 208, '2023-02-25', NULL, NULL, 'Austria Wien', 'TSV Hartberg', 3, 0, 6, 12, '7', '3', '10', '1'),
(295, 201, '2023-02-25', NULL, NULL, 'Puskas Akademia Fehervar', 'Paksi SE', 1, 4, 5, 8, '3', '7', '10', '0.5'),
(296, 176, '2023-02-25', NULL, NULL, 'Fenerbahce', 'Konyaspor', 4, 0, 2, 8, '3', '1', '4', '1.25'),
(297, 176, '2023-02-25', NULL, NULL, 'Giresunspor', 'Kayserispor', 1, 2, 17, 7, '9', '4', '13', '0.25'),
(298, 70, '2023-02-25', NULL, NULL, 'ES Setif', 'MC Magra', 2, 0, 5, 9, '6', '2', '8', '1'),
(299, 159, '2023-02-25', NULL, NULL, 'Sektzia Nes Tziona', 'Maccabi Tel Aviv', 0, 2, 14, 3, '2', '3', '5', '-2'),
(300, 195, '2023-02-25', NULL, NULL, 'FC Groningen', 'SBV Excelsior', 3, 0, 17, 15, '3', '1', '4', '0.75'),
(301, 209, '2023-02-25', NULL, NULL, 'Lokomotiv Plovdiv', 'Lokomotiv Sofia', 1, 0, 5, 9, '8', '1', '9', '0.75'),
(302, 182, '2023-02-25', NULL, NULL, 'FC Arouca', 'Casa Pia AC', 2, 0, 7, 6, '1', '11', '12', '0.25'),
(303, 174, '2023-02-25', NULL, NULL, 'AEK Athens', 'Asteras Tripolis', 2, 0, 2, 9, '12', '0', '12', '2'),
(304, 202, '2023-02-25', NULL, NULL, 'Richards Bay', 'Stellenbosch FC', 1, 2, 4, 13, '8', '3', '11', '0.25'),
(305, 202, '2023-02-25', NULL, NULL, 'Sekhukhune United', 'Cape Town City', 0, 1, 6, 8, '3', '4', '7', '0'),
(306, 153, '2023-02-25', NULL, NULL, 'Dhamk', 'Al-Nassr FC', 0, 3, 7, 2, '2', '6', '8', '-1'),
(307, 185, '2023-02-25', NULL, NULL, 'Cadiz', 'Rayo Vallecano', 1, 0, 18, 6, '4', '6', '10', '0'),
(308, 203, '2023-02-25', NULL, NULL, 'Leicester City', 'Arsenal', 0, 1, 14, 1, '0', '8', '8', '-1'),
(309, 203, '2023-02-25', NULL, NULL, 'Everton', 'Aston Villa', 0, 2, 16, 11, '5', '1', '6', '0'),
(310, 203, '2023-02-25', NULL, NULL, 'West Ham United', 'Nottingham Forest', 4, 0, 18, 13, '12', '3', '15', '0.75'),
(311, 203, '2023-02-25', NULL, NULL, 'Leeds United', 'Southampton', 1, 0, 19, 20, '9', '2', '11', '0.5'),
(312, 207, '2023-02-25', NULL, NULL, 'Backa Topola', 'Spartak Subotica', 2, 2, 3, 14, '5', '2', '7', '1.25'),
(313, 94, '2023-02-25', NULL, NULL, 'Cliftonville', 'Glentoran FC', 2, 1, 2, 6, '2', '3', '5', '0'),
(314, 94, '2023-02-25', NULL, NULL, 'Linfield FC', 'Coleraine', 2, 0, 3, 5, '7', '8', '15', '0.5'),
(315, 94, '2023-02-25', NULL, NULL, 'Carrick Rangers', 'Larne FC', 2, 3, 8, 1, '', '', '', '-1'),
(316, 94, '2023-02-25', NULL, NULL, 'Ballymena United', 'Crusaders FC', 0, 0, 7, 4, '8', '5', '13', '-0.75'),
(317, 94, '2023-02-25', NULL, NULL, 'Glenavon Lurgan', 'Newry City', 0, 2, 9, 11, '6', '4', '10', '0.75'),
(318, 115, '2023-02-25', NULL, NULL, 'West Bromwich(WBA)', 'Middlesbrough', 2, 0, 10, 3, '4', '8', '12', '0.25'),
(319, 115, '2023-02-25', NULL, NULL, 'Burnley', 'Huddersfield Town', 4, 0, 1, 22, '5', '2', '7', '1.5'),
(320, 115, '2023-02-25', NULL, NULL, 'Sheffield United', 'Watford', 1, 0, 2, 7, '5', '5', '10', '0.75'),
(321, 115, '2023-02-25', NULL, NULL, 'Queens Park Rangers', 'Blackburn Rovers', 1, 3, 18, 4, '7', '1', '8', '0.25'),
(322, 115, '2023-02-25', NULL, NULL, 'Birmingham', 'Luton Town', 0, 1, 19, 6, '2', '7', '9', '0.75'),
(323, 115, '2023-02-25', NULL, NULL, 'Reading', 'Blackpool', 3, 1, 15, 23, '3', '8', '11', '0.25'),
(324, 115, '2023-02-25', NULL, NULL, 'Norwich City', 'Cardiff City', 2, 0, 9, 21, '3', '5', '8', '0.5'),
(325, 115, '2023-02-25', NULL, NULL, 'Preston North End', 'Wigan Athletic', 2, 1, 13, 24, '3', '7', '10', '0'),
(326, 115, '2023-02-25', NULL, NULL, 'Bristol City', 'Hull City', 1, 0, 14, 12, '7', '3', '10', '0'),
(327, 115, '2023-02-25', NULL, NULL, 'Stoke City', 'Millwall', 0, 1, 17, 5, '9', '4', '13', '0.25'),
(328, 197, '2023-02-25', NULL, NULL, 'Seraing United', 'KV Mechelen', 0, 2, 18, 13, '4', '3', '7', '-0.5'),
(329, 151, '2023-02-25', NULL, NULL, 'Ross County', 'Dundee United', 4, 0, 11, 12, '3', '2', '5', '0.25'),
(330, 151, '2023-02-25', NULL, NULL, 'St. Johnstone', 'St. Mirren', 1, 1, 8, 5, '5', '2', '7', '0'),
(331, 151, '2023-02-25', NULL, NULL, 'Kilmarnock', 'Motherwell FC', 1, 1, 10, 9, '4', '6', '10', '0.25'),
(332, 151, '2023-02-25', NULL, NULL, 'Aberdeen', 'Livingston', 1, 0, 7, 6, '8', '8', '16', '0.5'),
(333, 104, '2023-02-25', NULL, NULL, 'Universitaea Cluj', 'FC Botosani', 2, 0, 14, 9, '2', '5', '7', '0.25'),
(334, 206, '2023-02-25', NULL, NULL, 'Gorica', 'NK Lokomotiva Zagreb', 1, 0, 10, 8, '3', '5', '8', '0'),
(335, 106, '2023-02-25', NULL, NULL, 'Anorthosis Famagusta FC', 'AEL Limassol', 1, 1, 9, 8, '7', '7', '14', '0.25'),
(336, 200, '2023-02-25', NULL, NULL, 'FUS Fath Union Sportive Rabat', 'MCO Mouloudia Oujda', 2, 1, 3, 13, '8', '8', '16', '0.5'),
(337, 204, '2023-02-25', NULL, NULL, 'Hoffenheim', 'Borussia Dortmund', 0, 1, 15, 2, '12', '11', '23', '-0.75'),
(338, 204, '2023-02-25', NULL, NULL, 'RB Leipzig', 'Eintracht Frankfurt', 2, 1, 5, 6, '2', '6', '8', '0.75'),
(339, 204, '2023-02-25', NULL, NULL, 'Hertha BSC Berlin', 'Augsburg', 2, 0, 17, 13, '1', '6', '7', '0.25'),
(340, 204, '2023-02-25', NULL, NULL, 'Werder Bremen', 'Bochum', 3, 0, 11, 16, '2', '0', '2', '0.5'),
(341, 204, '2023-02-25', NULL, NULL, 'Koln', 'Wolfsburg', 0, 2, 12, 8, '10', '2', '12', '0.25'),
(342, 120, '2023-02-25', NULL, NULL, 'Pontypridd', 'Haverfordwest County', 2, 1, 11, 7, '4', '3', '7', '0.75'),
(343, 120, '2023-02-25', NULL, NULL, 'Connahs Quay Nomads FC', 'UWIC Inter Cardiff', 2, 1, 2, 4, '3', '6', '9', '0.75'),
(344, 120, '2023-02-25', NULL, NULL, 'Newtown AFC', 'Bala Town', 3, 2, 6, 5, '3', '7', '10', '0.75'),
(345, 189, '2023-02-25', NULL, NULL, 'Piast Gliwice', 'Cracovia Krakow', 2, 1, 16, 6, '4', '4', '8', '0.25'),
(346, 210, '2023-02-25', NULL, NULL, 'Dukla Banska Bystrica', 'MFK Tatran AOS Liptovsky Mikulas', 2, 0, 7, 12, '9', '2', '11', '0.5'),
(347, 210, '2023-02-25', NULL, NULL, 'DAC Dunajska Streda', 'MFK Skalica', 2, 1, 2, 11, '5', '4', '9', '1'),
(348, 210, '2023-02-25', NULL, NULL, 'Spartak Trnava', 'Trencin', 3, 2, 3, 10, '2', '4', '6', '1.25'),
(349, 210, '2023-02-25', NULL, NULL, 'Zlate Moravce', 'Slovan Bratislava', 1, 1, 9, 1, '4', '3', '7', '-1.25'),
(350, 67, '2023-02-25', NULL, NULL, 'Radomlje', 'Tabor Sezana', 0, 0, 8, 9, '2', '4', '6', '0.25'),
(351, 205, '2023-02-25', NULL, NULL, 'Zlin', 'Sparta Prague', 2, 3, 15, 3, '3', '6', '9', '-1.25'),
(352, 205, '2023-02-25', NULL, NULL, 'FC Bohemians 1905', 'Brno', 1, 1, 6, 11, '5', '7', '12', '0.5'),
(353, 205, '2023-02-25', NULL, NULL, 'Mlada Boleslav', 'Ceske Budejovice', 2, 2, 9, 12, '7', '2', '9', '1'),
(354, 110, '2023-02-25', NULL, NULL, 'East Bengal', 'Mohun Bagan', 0, 2, 10, 4, '2', '11', '13', '-0.75'),
(355, 70, '2023-02-25', NULL, NULL, 'USM Khenchela', 'El Bayadh', 0, 1, 8, 13, '9', '3', '12', '0.75'),
(356, 145, '2023-02-25', NULL, NULL, 'Al Fahaheel SC', 'Al-Arabi Club', 1, 3, 6, 2, '5', '6', '11', '-0.75'),
(357, 68, '2023-02-25', NULL, NULL, 'Al-Shabbab', 'Al Hala', 1, 0, 11, 8, '3', '4', '7', '0'),
(358, 68, '2023-02-25', NULL, NULL, 'Sitra', 'Al-Ahli(BHR)', 0, 0, 5, 7, '5', '3', '8', '0'),
(359, 70, '2023-02-25', NULL, NULL, 'MC An-giê', 'RC Arba', 2, 0, 4, 10, '7', '1', '8', '1.25'),
(360, 219, '2023-02-25', NULL, NULL, 'Umm Salal', 'Al Markhiya', 1, 2, 12, 8, '3', '4', '7', '0.75'),
(361, 219, '2023-02-25', NULL, NULL, 'Al-Sadd', 'Qatar SC', 2, 0, 4, 3, '4', '1', '5', '1.5'),
(362, 201, '2023-02-25', NULL, NULL, 'Zalaegerszeg TE', 'Fehervar Videoton', 2, 1, 7, 10, '9', '3', '12', '0.25'),
(363, 202, '2023-02-25', NULL, NULL, 'Kaizer Chiefs', 'Orlando Pirates', 1, 0, 5, 3, '4', '7', '11', '0'),
(364, 159, '2023-02-25', NULL, NULL, 'Hapoel Tel Aviv', 'F.C. Ashdod', 1, 2, 11, 7, '3', '3', '6', '0'),
(365, 207, '2023-02-25', NULL, NULL, 'FK Javor Ivanjica', 'Crvena Zvezda', 0, 2, 10, 1, '5', '11', '16', '-2'),
(366, 185, '2023-02-25', NULL, NULL, 'Espanyol', 'Mallorca', 2, 1, 13, 9, '0', '4', '4', '0'),
(367, 209, '2023-02-25', NULL, NULL, 'Spartak Varna', 'Botev Vratsa', 2, 1, 16, 12, '5', '9', '14', '0.5'),
(368, 153, '2023-02-25', NULL, NULL, 'Al-Baten', 'Al-Ettifaq', 1, 0, 16, 12, '5', '4', '9', '0.75'),
(369, 216, '2023-02-25', NULL, NULL, 'Cu-a-la Lăm-pơ', 'Pulau Penang FA', 2, 2, 6, 12, '2', '6', '8', '0.75'),
(370, 216, '2023-02-25', NULL, NULL, 'Perak', 'Kedah', 1, 4, 9, 8, '4', '6', '10', '-0.75'),
(371, 147, '2023-02-25', NULL, NULL, 'Standard Sumqayit', 'FK Kapaz Ganca', 1, 2, 7, 8, '7', '6', '13', '0.25'),
(372, 120, '2023-02-25', NULL, NULL, 'The New Saints', 'Penybont FC', 1, 1, 1, 3, '9', '2', '11', '2.25'),
(373, 181, '2023-02-25', NULL, NULL, 'CA River Plate', 'Cerro Montevideo', 3, 2, 6, 7, '2', '11', '13', '0.5'),
(374, 115, '2023-02-25', NULL, NULL, 'Coventry', 'Sunderland', 2, 1, 16, 8, '4', '7', '11', '0.25'),
(375, 104, '2023-02-25', NULL, NULL, 'Sepsi OSK Sfantul Gheorghe', 'Hermannstadt', 2, 1, 7, 11, '4', '5', '9', '0.75'),
(376, 212, '2023-02-25', NULL, NULL, 'Lampang FC', 'Ratchaburi FC', 1, 0, 15, 5, '3', '10', '13', '0.75'),
(377, 67, '2023-02-25', NULL, NULL, 'NK Bravo', 'NK Mura 05', 0, 0, 7, 6, '5', '5', '10', '0'),
(378, 212, '2023-02-25', NULL, NULL, 'Muang Thong United', 'Bangkok Glass', 1, 0, 9, 7, '4', '2', '6', '0.5'),
(379, 212, '2023-02-25', NULL, NULL, 'Lamphun Warrior', 'BEC Tero Sasana', 2, 2, 13, 8, '7', '2', '9', '0.5'),
(380, 216, '2023-02-25', NULL, NULL, 'Sabah', 'PDRM FA', 4, 0, 3, 6, '6', '4', '10', '1.5'),
(381, 204, '2023-02-26', NULL, NULL, 'SC Freiburg', 'Bayer Leverkusen', 1, 1, 5, 11, '1', '3', '4', '0.25'),
(382, 189, '2023-02-26', NULL, NULL, 'Wisla Plock', 'Pogon Szczecin', 0, 1, 10, 5, '6', '9', '15', '0.75'),
(383, 196, '2023-02-26', NULL, NULL, 'Nantes', 'Stade Rennais FC', 0, 1, 13, 6, '12', '4', '16', '0.75'),
(384, 196, '2023-02-26', NULL, NULL, 'Clermont Foot', 'Strasbourg', 1, 1, 12, 15, '7', '2', '9', '0'),
(385, 196, '2023-02-26', NULL, NULL, 'Ajaccio', 'ES Troyes AC', 2, 1, 19, 17, '6', '3', '9', '0.5'),
(386, 196, '2023-02-26', NULL, NULL, 'Stade Reims', 'Toulouse', 3, 0, 10, 11, '4', '2', '6', '0.5'),
(387, 67, '2023-02-26', NULL, NULL, 'NK Maribor', 'NK Publikum Celje', 2, 0, 3, 2, '4', '5', '9', '0.25'),
(388, 186, '2023-02-26', NULL, NULL, 'Salernitana', 'S.S.D. Monza 1912', 3, 0, 16, 11, '1', '3', '4', '-0.5'),
(389, 205, '2023-02-26', NULL, NULL, 'FK Baumit Jablonec', 'Teplice', 4, 1, 13, 14, '8', '2', '10', '0.75'),
(390, 205, '2023-02-26', NULL, NULL, 'SK Sigma Olomouc', 'Pardubice', 2, 2, 6, 16, '8', '3', '11', '1'),
(391, 205, '2023-02-26', NULL, NULL, 'Slavia Praha', 'Synot Slovacko', 2, 0, 2, 4, '14', '5', '19', '1.25'),
(392, 206, '2023-02-26', NULL, NULL, 'Dinamo Zagreb', 'Hajduk Split', 4, 0, 1, 2, '6', '1', '7', '1'),
(393, 174, '2023-02-26', NULL, NULL, 'Ionikos', 'OFI Crete', 0, 2, 12, 10, '3', '5', '8', '0'),
(394, 174, '2023-02-26', NULL, NULL, 'Levadiakos', 'Panaitolikos Agrinio', 0, 0, 13, 8, '4', '3', '7', '0'),
(395, 110, '2023-02-26', NULL, NULL, 'Kerala Blasters FC', 'Hyderabad FC', 0, 1, 5, 2, '1', '8', '9', '0'),
(396, 145, '2023-02-26', NULL, NULL, 'Al-Nasar', 'Al-Salmiyah', 0, 3, 7, 8, '1', '0', '1', '0.75'),
(397, 195, '2023-02-26', NULL, NULL, 'Vitesse Arnhem', 'Ajax Amsterdam', 1, 2, 13, 3, '6', '4', '10', '-1.25'),
(398, 195, '2023-02-26', NULL, NULL, 'Emmen', 'Go Ahead Eagles', 2, 2, 16, 12, '3', '4', '7', '0.25'),
(399, 203, '2023-02-26', NULL, NULL, 'Tottenham Hotspur', 'Chelsea FC', 2, 0, 4, 10, '4', '4', '8', '0.75'),
(400, 208, '2023-02-26', NULL, NULL, 'Wolfsberger AC', 'Rapid Wien', 1, 2, 9, 5, '4', '3', '7', '0.75'),
(401, 208, '2023-02-26', NULL, NULL, 'Rheindorf Altach', 'WSG Wattens', 0, 0, 10, 6, '2', '3', '5', '0.75'),
(402, 202, '2023-02-26', NULL, NULL, 'Chippa United FC', 'Moroka Swallows', 1, 2, 13, 14, '3', '3', '6', '0'),
(403, 199, '2023-02-26', NULL, NULL, 'FC Luzern', 'Grasshoppers', 1, 0, 5, 7, '8', '3', '11', '0.75'),
(404, 215, '2023-02-26', NULL, NULL, 'Randers FC', 'Lyngby', 1, 0, 6, 12, '6', '8', '14', '0.5'),
(405, 215, '2023-02-26', NULL, NULL, 'AC Horsens', 'Viborg', 0, 3, 10, 2, '5', '3', '8', '0.75'),
(406, 185, '2023-02-26', NULL, NULL, 'Athletic Bilbao', 'Girona', 2, 3, 7, 11, '11', '3', '14', '0.75'),
(407, 201, '2023-02-26', NULL, NULL, 'Kecskemeti TE', 'Ujpesti TE', 2, 2, 2, 9, '6', '1', '7', '0'),
(408, 176, '2023-02-26', NULL, NULL, 'Umraniyespor', 'Adana Demirspor', 1, 1, 19, 5, '7', '7', '14', '-0.5'),
(409, 216, '2023-02-26', NULL, NULL, 'Negeri Sembilan', 'PB Pahang', 1, 1, 4, 7, '1', '7', '8', '0.5'),
(410, 209, '2023-02-26', NULL, NULL, 'Botev Plovdiv', 'Beroe', 1, 0, 10, 11, '2', '3', '5', '0.75'),
(411, 181, '2023-02-26', NULL, NULL, 'Danubio FC', 'Plaza Colonia', 5, 0, 14, 12, '8', '2', '10', '0.5'),
(412, 197, '2023-02-26', NULL, NULL, 'Club Brugge', 'Gent', 2, 0, 4, 5, '9', '3', '12', '0.5'),
(413, 216, '2023-02-26', NULL, NULL, 'Selangor PB', 'Kelantan United', 1, 0, 5, 5, '11', '2', '13', '1'),
(414, 196, '2023-02-26', NULL, NULL, 'Lorient', 'Auxerre', 0, 1, 7, 18, '10', '0', '10', '0.25'),
(415, 212, '2023-02-26', NULL, NULL, 'Nong Bua Lamphu', 'Chonburi Shark FC', 2, 1, 16, 3, '4', '6', '10', '0.75'),
(416, 189, '2023-02-26', NULL, NULL, 'Stal Mielec', 'Gornik Zabrze', 0, 1, 9, 15, '6', '8', '14', '0'),
(417, 186, '2023-02-26', NULL, NULL, 'Bologna', 'Inter Milan', 1, 0, 8, 2, '1', '6', '7', '-0.75'),
(418, 212, '2023-02-26', NULL, NULL, 'Bangkok United FC', 'Singhtarua FC', 1, 2, 2, 6, '7', '4', '11', '0.5'),
(419, 195, '2023-02-26', NULL, NULL, 'Fortuna Sittard', 'Feyenoord Rotterdam', 2, 4, 11, 1, '7', '5', '12', '-1.5'),
(420, 212, '2023-02-26', NULL, NULL, 'Khonkaen United', 'Nakhon Ratchasima', 3, 2, 11, 14, '12', '3', '15', '0.25'),
(421, 209, '2023-02-26', NULL, NULL, 'Slavia Sofia', 'FC Hebar Pazardzhik', 0, 1, 5, 15, '8', '5', '13', '1.25'),
(422, 212, '2023-02-26', NULL, NULL, 'Prachuap Khiri Khan', 'Buriram United', 0, 1, 13, 1, '3', '7', '10', '-1.25'),
(423, 77, '2023-02-26', NULL, NULL, 'PSS Sleman', 'Pstni', 1, 2, 14, 15, '4', '4', '8', '0'),
(507, 183, '2023-02-26', NULL, NULL, 'River Plate', 'Arsenal de Sarandi', 1, 2, 8, 27, '11', '6', '17', '1.75'),
(508, 193, '2023-02-26', NULL, NULL, 'Deportivo Saprissa', 'Sporting San Jose', 2, 1, 2, 3, '10', '6', '16', '1'),
(509, 180, '2023-02-26', NULL, NULL, 'Bolivar', 'Oriente Petrolero', 4, 0, 6, 2, '2', '2', '4', '2'),
(510, 214, '2023-02-26', NULL, NULL, 'Sociedad Deportiva Aucas', 'CD El Nacional', 0, 2, 1, 1, '6', '5', '11', '0.75'),
(511, 51, '2023-02-26', NULL, NULL, 'Deportiva Once Caldas', 'Millonarios', 1, 0, 19, 7, '3', '6', '9', '0.25'),
(512, 193, '2023-02-26', NULL, NULL, 'Guadalupe FC', 'Santos De Guapiles', 1, 3, 10, 12, '7', '3', '10', '0.5'),
(513, 179, '2023-02-26', NULL, NULL, 'CD Magallanes', 'Cobresal', 2, 1, 13, 5, '1', '6', '7', '0'),
(514, 179, '2023-02-26', NULL, NULL, 'Union La Calera', 'Nublense', 1, 1, 6, 7, '4', '2', '6', '0.5'),
(515, 192, '2023-02-26', NULL, NULL, 'Deportivo Rayo Zuliano', 'Mineros de Guayana', 4, 4, 11, 15, '8', '1', '9', '0.25'),
(516, 182, '2023-02-26', NULL, NULL, 'FC Porto', 'Gil Vicente', 1, 2, 2, 14, '3', '0', '3', '2'),
(517, 184, '2023-02-26', NULL, NULL, 'AD Tarma', 'Deportivo Municipal', 3, 0, 16, 6, '5', '4', '9', '1'),
(518, 194, '2023-02-26', NULL, NULL, 'General Caballero', 'Sportivo Trinidense', 1, 4, 7, 4, '5', '8', '13', '0.25'),
(519, 185, '2023-02-26', NULL, NULL, 'Sevilla', 'Osasuna', 2, 3, 13, 10, '10', '2', '12', '0.75'),
(520, 183, '2023-02-26', NULL, NULL, 'Colon', 'CA Huracan', 1, 1, 26, 4, '6', '6', '12', '0.25'),
(521, 183, '2023-02-26', NULL, NULL, 'Defensa Y Justicia', 'Atletico Tucuman', 3, 0, 7, 24, '4', '5', '9', '0.5'),
(522, 181, '2023-02-26', NULL, NULL, 'Deportivo Maldonado', 'Boston River', 3, 2, 5, 13, '6', '13', '19', '0.25'),
(523, 196, '2023-02-26', NULL, NULL, 'Marseille', 'Paris Saint Germain', 0, 3, 2, 1, '7', '4', '11', '0.75'),
(524, 186, '2023-02-26', NULL, NULL, 'AC Milan', 'Atalanta', 2, 0, 4, 6, '4', '3', '7', '0.25'),
(525, 200, '2023-02-26', NULL, NULL, 'Olympique de Safi', 'Renaissance Sportive de Berkane', 1, 1, 5, 6, '4', '3', '7', '0'),
(526, 51, '2023-02-26', NULL, NULL, 'Independiente Santa Fe', 'Union Magdalena', 0, 0, 14, 15, '7', '2', '9', '1'),
(527, 180, '2023-02-26', NULL, NULL, 'Universitario De Vinto', 'Aurora', 1, 1, 9, 3, '3', '9', '12', '0'),
(528, 214, '2023-02-26', NULL, NULL, 'Tecnico Universitario', 'Universidad Catolica', 4, 1, 7, 3, '3', '6', '9', '0'),
(529, 192, '2023-02-26', NULL, NULL, 'Universidad Central de Venezuela', 'Caracas FC', 0, 2, 12, 9, '2', '3', '5', '0.75'),
(530, 104, '2023-02-26', NULL, NULL, 'SCM Argesul Pitesti', 'Steaua Bucuresti', 1, 2, 14, 4, '3', '5', '8', '-1'),
(531, 159, '2023-02-26', NULL, NULL, 'Hapoel Jerusalem', 'Hapoel Haifa', 2, 2, 5, 8, '5', '6', '11', '0.25'),
(532, 197, '2023-02-26', NULL, NULL, 'Sporting Charleroi', 'St.-Truidense VV', 1, 0, 12, 10, '3', '2', '5', '0.5'),
(533, 182, '2023-02-26', NULL, NULL, 'Pacos Ferreira', 'Boavista FC', 1, 3, 18, 11, '9', '10', '19', '0'),
(534, 191, '2023-02-26', NULL, NULL, 'Toluca', 'Atletico San Luis', 2, 0, 6, 11, '4', '4', '8', '0.75'),
(535, 184, '2023-02-26', NULL, NULL, 'Deportivo Union Comercio', 'UTC Cajamarca', 1, 0, 13, 7, '10', '6', '16', '0.5'),
(536, 185, '2023-02-26', NULL, NULL, 'Almeria', 'Barcelona', 1, 0, 19, 1, '4', '7', '11', '-1.25'),
(537, 197, '2023-02-26', NULL, NULL, 'Anderlecht', 'Standard Liege', 2, 2, 9, 7, '7', '3', '10', '0.5'),
(538, 174, '2023-02-26', NULL, NULL, 'Aris Salonica', 'Atromitos Athens', 2, 1, 6, 7, '3', '2', '5', '1'),
(539, 200, '2023-02-26', NULL, NULL, 'Club Salmi', 'Maghreb Fez', 1, 1, 8, 9, '4', '2', '6', '0'),
(540, 215, '2023-02-26', NULL, NULL, 'Aarhus AGF', 'Silkeborg IF', 1, 1, 5, 8, '3', '4', '7', '0.25'),
(541, 186, '2023-02-26', NULL, NULL, 'Udinese', 'Spezia', 2, 2, 10, 17, '5', '2', '7', '0.75'),
(542, 205, '2023-02-26', NULL, NULL, 'Banik Ostrava', 'Hradec Kralove', 0, 2, 11, 8, '3', '5', '8', '0.75'),
(543, 106, '2023-02-26', NULL, NULL, 'Nea Salamis', 'Olympiakos Nicosia FC', 2, 2, 7, 13, '3', '3', '6', '0.75'),
(544, 193, '2023-02-26', NULL, NULL, 'Cartagines Deportiva SA', 'AD Grecia', 2, 0, 6, 11, '5', '0', '5', '1'),
(545, 189, '2023-02-26', NULL, NULL, 'Slask Wroclaw', 'Lech Poznan', 2, 1, 11, 4, '3', '7', '10', '-0.5'),
(546, 204, '2023-02-26', NULL, NULL, 'Bayern Munich', 'Union Berlin', 3, 0, 2, 3, '10', '4', '14', '1.25'),
(547, 210, '2023-02-26', NULL, NULL, 'Zilina', 'MFK Ruzomberok', 2, 0, 7, 5, '3', '8', '11', '0.25'),
(548, 67, '2023-02-26', NULL, NULL, 'Gorica', 'Domzale', 0, 2, 10, 5, '3', '1', '4', '0.75'),
(549, 206, '2023-02-26', NULL, NULL, 'NK Osijek', 'NK Varteks Varazdin', 0, 1, 3, 7, '10', '1', '11', '0.5'),
(550, 145, '2023-02-26', NULL, NULL, 'Al-Jahra', 'Al-Sahel', 0, 0, 5, 10, '8', '2', '10', '0.25'),
(551, 196, '2023-02-26', NULL, NULL, 'AS Monaco', 'Nice', 0, 3, 3, 9, '5', '3', '8', '0.5'),
(552, 208, '2023-02-26', NULL, NULL, 'Red Bull Salzburg', 'SV Ried', 2, 0, 1, 11, '12', '4', '16', '2'),
(553, 176, '2023-02-26', NULL, NULL, 'Besiktas JK', 'Antalyaspor', 0, 0, 4, 13, '8', '1', '9', '1'),
(554, 195, '2023-02-26', NULL, NULL, 'PSV Eindhoven', 'FC Twente Enschede', 3, 1, 4, 5, '6', '5', '11', '1'),
(555, 104, '2023-02-26', NULL, NULL, 'FC Voluntari', 'CS Universitatea Craiova', 1, 0, 13, 5, '2', '4', '6', '0'),
(556, 199, '2023-02-26', NULL, NULL, 'FC Lugano', 'Basel', 2, 2, 4, 6, '3', '4', '7', '0');
INSERT INTO `match_result_entity` (`entity_id`, `league_id`, `datetime`, `home_club_id`, `away_club_id`, `home_name`, `away_name`, `home_result`, `away_result`, `home_position`, `away_position`, `home_corner`, `away_corner`, `total_corner`, `odd`) VALUES
(557, 199, '2023-02-26', NULL, NULL, 'Servette', 'Winterthur', 1, 1, 2, 10, '13', '3', '16', '0.75'),
(558, 201, '2023-02-26', NULL, NULL, 'Debreceni VSC', 'Ferencvarosi TC', 0, 2, 4, 1, '2', '5', '7', '-1'),
(559, 182, '2023-02-26', NULL, NULL, 'Rio Ave', 'Chaves', 1, 0, 13, 10, '4', '8', '12', '0.5'),
(560, 185, '2023-02-26', NULL, NULL, 'Celta Vigo', 'Real Valladolid', 3, 0, 15, 16, '5', '4', '9', '0.75'),
(561, 209, '2023-02-26', NULL, NULL, 'Septemvri Sofia', 'CSKA Sofia', 0, 1, 13, 1, '2', '5', '7', '-1.25'),
(562, 215, '2023-02-26', NULL, NULL, 'FC Copenhagen', 'Aalborg BK', 1, 0, 3, 11, '4', '2', '6', '1.25'),
(563, 197, '2023-02-26', NULL, NULL, 'Oud Heverlee Leuven', 'Royal Antwerp FC', 1, 1, 11, 3, '3', '7', '10', '0'),
(564, 106, '2023-02-26', NULL, NULL, 'E.N.Paralimni', 'Akritas Chloraka', 5, 0, 12, 14, '2', '6', '8', '0.5'),
(565, 66, '2023-02-26', NULL, NULL, 'Smouha SC', 'Haras El Hedoud', 3, 0, 12, 16, '7', '1', '8', '0.5'),
(566, 220, '2023-02-26', NULL, NULL, 'Al-Duhail', 'Al Hilal', 0, 7, 1, 4, '4', '1', '5', '0.75'),
(632, 221, '2023-02-27', NULL, NULL, 'EC Santo Andre', 'Mirassol FC', 0, 1, 9, 11, '17', '2', '19', '0.75'),
(633, 51, '2023-02-27', NULL, NULL, 'Boyaca Chico', 'Deportivo Pasto', 1, 1, 3, 8, '2', '2', '4', '0.25'),
(634, 180, '2023-02-27', NULL, NULL, 'Jorge Wilstermann', 'Vaca Diez', 2, 2, 15, 17, '4', '5', '9', '1.25'),
(635, 188, '2023-02-27', NULL, NULL, 'Vasco Gama', 'Boavista (FC)', 4, 1, 5, 12, '5', '1', '6', '2'),
(636, 183, '2023-02-27', NULL, NULL, 'Racing Club', 'Lanus', 2, 1, 15, 1, '6', '5', '11', '0.5'),
(637, 175, '2023-02-27', NULL, NULL, 'Harbour View FC', 'Dunbeholden FC', 2, 0, 5, 6, '6', '6', '12', '0'),
(638, 51, '2023-02-27', NULL, NULL, 'Atletico Nacional', 'Atletico Huila', 3, 1, 10, 20, '7', '11', '18', '1'),
(639, 181, '2023-02-27', NULL, NULL, 'La Luz', 'Torque', 1, 1, 16, 11, '2', '7', '9', '0.75'),
(640, 182, '2023-02-27', NULL, NULL, 'Vitoria Guimaraes', 'Sporting Braga', 2, 1, 5, 3, '3', '5', '8', '-0.5'),
(641, 184, '2023-02-27', NULL, NULL, 'Academia Deportiva Cantolao', 'Real Atletico Garcilaso', 2, 3, 17, 16, '2', '17', '19', '0.75'),
(642, 185, '2023-02-27', NULL, NULL, 'Villarreal', 'Getafe', 2, 1, 9, 19, '6', '5', '11', '0.75'),
(643, 115, '2023-02-27', NULL, NULL, 'Swansea City', 'Rotherham United', 1, 1, 15, 20, '3', '6', '9', '1'),
(644, 53, '2023-02-27', NULL, NULL, 'Granada CF', 'Malaga', 1, 0, 5, 20, '3', '6', '9', '0.75'),
(645, 183, '2023-02-27', NULL, NULL, 'Barracas Central', 'Gimnasia LP', 1, 0, 21, 22, '3', '8', '11', '0'),
(646, 186, '2023-02-27', NULL, NULL, 'Lazio', 'Sampdoria', 1, 0, 5, 19, '8', '3', '11', '1.25'),
(647, 187, '2023-02-27', NULL, NULL, 'Amiens SC', 'Bordeaux', 1, 2, 9, 3, '4', '2', '6', '0'),
(648, 137, '2023-02-27', NULL, NULL, 'Jong PSV Eindhoven', 'AZ Alkmaar 2', 3, 3, 14, 7, '2', '2', '4', '0'),
(649, 137, '2023-02-27', NULL, NULL, 'MVV Maastricht', 'FC Zwolle', 3, 2, 8, 1, '1', '4', '5', '-1.25'),
(650, 182, '2023-02-27', NULL, NULL, 'Sporting Clube de Portugal', 'GD Estoril-Praia', 2, 0, 4, 15, '14', '5', '19', '2'),
(651, 188, '2023-02-27', NULL, NULL, 'Audax RJ', 'Madureira', 3, 1, 9, 8, '4', '9', '13', '0.25'),
(652, 215, '2023-02-27', NULL, NULL, 'Midtjylland', 'Brondby', 0, 1, 5, 9, '3', '5', '8', '0.25'),
(653, 189, '2023-02-27', NULL, NULL, 'Zaglebie Lubin', 'Miedz Legnica', 2, 1, 15, 18, '3', '3', '6', '0.25'),
(654, 159, '2023-02-27', NULL, NULL, 'Hapoel Beer Sheva', 'Hirnyk Kryvyi Rih', 2, 0, 3, 13, '8', '4', '12', '1.75'),
(655, 104, '2023-02-27', NULL, NULL, 'Petrolul Ploiesti', 'CFR Cluj', 2, 5, 8, 2, '3', '7', '10', '-0.75'),
(656, 186, '2023-02-27', NULL, NULL, 'Hellas Verona', 'Fiorentina', 0, 3, 18, 15, '4', '2', '6', '0.75'),
(657, 222, '2023-02-27', NULL, NULL, 'Degerfors IF', 'Skovde AIK', 1, 0, 11, 12, '5', '2', '7', '1'),
(658, 222, '2023-02-27', NULL, NULL, 'IFK Lulea', 'Malmo FF', 0, 1, 3, 2, '1', '15', '16', '-3.5'),
(659, 66, '2023-02-27', NULL, NULL, 'Talaea EI-Gaish', 'Ittihad Alexandria', 3, 4, 13, 4, '7', '2', '9', '0.25'),
(660, 223, '2023-02-27', NULL, NULL, 'Spartak Moscow', 'Lokomotiv Moscow', 4, 2, 2, 14, '', '', '', '1'),
(661, 147, '2023-02-27', NULL, NULL, 'Qarabag', 'FC Neftci Baku', 1, 1, 1, 3, '7', '2', '9', '1'),
(662, 209, '2023-02-27', NULL, NULL, 'Pirin Blagoevgrad', 'Cherno More Varna', 0, 1, 15, 6, '3', '4', '7', '-0.75'),
(663, 223, '2023-02-27', NULL, NULL, 'Ural S.r.', 'FK Rostov', 2, 1, 10, 3, '5', '4', '9', '0.25'),
(664, 106, '2023-02-27', NULL, NULL, 'Apollon Limassol FC', 'AEK Larnaca', 2, 1, 6, 2, '2', '7', '9', '0'),
(665, 167, '2023-02-27', NULL, NULL, 'Persepolis', 'Naft Masjed Soleyman FC', 3, 0, 2, 16, '3', '8', '11', '1.5'),
(666, 207, '2023-02-27', NULL, NULL, 'Partizan Belgrade', 'Radnicki 1923 Kragujevac', 1, 1, 2, 8, '0', '5', '5', '1.5'),
(667, 66, '2023-02-27', NULL, NULL, 'Ghazl El Mahallah', 'Aswan', 1, 2, 7, 10, '5', '6', '11', '0.25'),
(668, 223, '2023-02-27', NULL, NULL, 'Zvezda Sint Petersburg', 'FK Nizhny Novgorod', 0, 2, 2, 12, '6', '5', '11', '-1'),
(669, 167, '2023-02-27', NULL, NULL, 'Zob Ahan', 'Mes Kerman', 1, 0, 13, 14, '7', '2', '9', '0.25'),
(670, 224, '2023-02-27', NULL, NULL, 'PFC Oleksandria', 'Metalist 1925 Kharkiv', 3, 3, 5, 8, '12', '3', '15', '0.75'),
(671, 84, '2023-02-27', NULL, NULL, 'Ararat Yerevan', 'FC Avan Academy', 1, 3, 6, 2, '2', '7', '9', '-0.75'),
(672, 84, '2023-02-27', NULL, NULL, 'BKMA', 'FC Noah', 0, 1, 9, 10, '2', '9', '11', '0'),
(673, 77, '2023-02-27', NULL, NULL, 'Bali United FC', 'Persis Solo FC', 3, 1, 4, 10, '10', '5', '15', '1'),
(674, 225, '2023-02-27', NULL, NULL, 'Hantharwady United', 'Shan United', 1, 2, 6, 3, '3', '4', '7', '-0.5'),
(675, 225, '2023-02-27', NULL, NULL, 'Yangon United', 'Mawyawadi', 3, 1, 2, 5, '2', '4', '6', '1.25'),
(676, 77, '2023-02-27', NULL, NULL, 'Barito Putera', 'Persib Bandung', 2, 1, 16, 2, '5', '3', '8', '-1'),
(677, 191, '2023-02-27', NULL, NULL, 'Club Tijuana', 'Pachuca', 2, 0, 15, 6, '6', '5', '11', '0'),
(678, 51, '2023-02-27', NULL, NULL, 'Alianza Petrolera', 'Dep.Independiente Medellin', 0, 1, 16, 18, '5', '2', '7', '0'),
(679, 218, '2023-02-27', NULL, NULL, 'Seattle Sounders', 'Colorado Rapids', 4, 0, 11, 9, '6', '5', '11', '1'),
(680, 226, '2023-02-28', NULL, NULL, 'Democrata', 'Santa Cruz (PE)', 1, 1, 6, 6, '3', '3', '6', '0.25'),
(681, 227, '2023-02-28', NULL, NULL, 'Cerro Porteno', 'Curico Unido', 1, 0, 3, 13, '9', '3', '12', '1.25'),
(682, 228, '2023-02-28', NULL, NULL, 'Lyonnais', 'Grenoble', 2, 1, 9, 7, '3', '1', '4', '1.5'),
(683, 115, '2023-02-28', NULL, NULL, 'Luton Town', 'Millwall', 2, 2, 6, 5, '6', '2', '8', '0.25'),
(684, 57, '2023-02-28', NULL, NULL, 'Bristol City', 'Manchester City', 0, 3, 12, 2, '4', '3', '7', '-2.25'),
(685, 161, '2023-02-28', NULL, NULL, 'Dundee', 'Partick Thistle', 1, 3, 2, 5, '7', '6', '13', '0.75'),
(686, 94, '2023-02-28', NULL, NULL, 'Glentoran FC', 'Glenavon Lurgan', 0, 0, 6, 9, '6', '0', '6', '1.5'),
(687, 186, '2023-02-28', NULL, NULL, 'Juventus', 'Torino', 4, 2, 8, 10, '3', '7', '10', '0.75'),
(688, 95, '2023-02-28', NULL, NULL, 'Gillingham', 'Bradford AFC', 0, 2, 20, 8, '3', '4', '7', '0'),
(689, 95, '2023-02-28', NULL, NULL, 'Harrogate Town', 'Northampton Town', 1, 1, 21, 4, '5', '2', '7', '-0.5'),
(690, 95, '2023-02-28', NULL, NULL, 'AFC Wimbledon', 'Stevenage Borough', 2, 3, 15, 3, '3', '3', '6', '-0.5'),
(691, 95, '2023-02-28', NULL, NULL, 'Tranmere Rovers', 'Crawley Town', 1, 0, 13, 23, '7', '8', '15', '0.75'),
(692, 95, '2023-02-28', NULL, NULL, 'Barrow', 'Salford City', 1, 1, 11, 6, '4', '4', '8', '0'),
(693, 114, '2023-02-28', NULL, NULL, 'Lincoln City', 'Milton Keynes Dons', 1, 1, 15, 22, '5', '3', '8', '0.25'),
(694, 114, '2023-02-28', NULL, NULL, 'Portsmouth', 'Bolton Wanderers', 3, 1, 10, 4, '6', '2', '8', '0'),
(695, 114, '2023-02-28', NULL, NULL, 'Derby County', 'Cheltenham Town', 2, 0, 6, 19, '3', '2', '5', '1.25'),
(696, 114, '2023-02-28', NULL, NULL, 'Peterborough United', 'Charlton Athletic', 0, 0, 9, 14, '5', '8', '13', '0.75'),
(697, 115, '2023-02-28', NULL, NULL, 'Preston North End', 'Coventry', 0, 0, 11, 14, '4', '2', '6', '0'),
(698, 172, '2023-02-28', NULL, NULL, 'KV Mechelen', 'Zulte Waregem', 1, 0, 13, 16, '6', '5', '11', '0'),
(699, 57, '2023-02-28', NULL, NULL, 'Fulham', 'Leeds United', 2, 0, 6, 17, '4', '2', '6', '0.25'),
(700, 59, '2023-02-28', NULL, NULL, 'Cosenza Calcio 1914', 'Reggina', 2, 1, 20, 4, '7', '1', '8', '0.75'),
(701, 59, '2023-02-28', NULL, NULL, 'Palermo', 'Ternana', 0, 0, 9, 11, '3', '9', '12', '0.25'),
(702, 59, '2023-02-28', NULL, NULL, 'Parma', 'Pisa', 0, 1, 7, 6, '5', '1', '6', '0.5'),
(703, 57, '2023-02-28', NULL, NULL, 'Leicester City', 'Blackburn Rovers', 1, 2, 14, 4, '9', '4', '13', '1.25'),
(704, 200, '2023-02-28', NULL, NULL, 'Wydad', 'OCK Olympique de Khouribga', 3, 2, 3, 15, '5', '4', '9', '1.25'),
(705, 57, '2023-02-28', NULL, NULL, 'Stoke City', 'Brighton Hove Albion', 0, 1, 17, 8, '3', '5', '8', '-1'),
(706, 104, '2023-02-28', NULL, NULL, 'Farul Constanta', 'Sepsi OSK Sfantul Gheorghe', 2, 0, 1, 6, '10', '4', '14', '0.5'),
(707, 226, '2023-02-28', NULL, NULL, 'Resende-RJ', 'Ferroviaria SP', 1, 2, 11, 15, '9', '6', '15', '0.75'),
(708, 186, '2023-02-28', NULL, NULL, 'Cremonese', 'AS Roma', 2, 1, 20, 5, '3', '3', '6', '-0.75'),
(709, 66, '2023-02-28', NULL, NULL, 'Al Ahly', 'El Dakhleya', 1, 1, 1, 15, '7', '3', '10', '1.25'),
(710, 229, '2023-02-28', NULL, NULL, 'FC Aarhus Fremad', 'FC Nordsjaelland', 0, 3, 1, 1, '2', '6', '8', '-2'),
(711, 200, '2023-02-28', NULL, NULL, 'Maghrib Association Tetouan', 'Raja Casablanca Atlhletic', 1, 0, 13, 4, '2', '5', '7', '-0.5'),
(712, 207, '2023-02-28', NULL, NULL, 'Radnik Surdulica', 'FK Vozdovac Beograd', 2, 0, 16, 7, '8', '3', '11', '0.5'),
(713, 105, '2023-02-28', NULL, NULL, 'Eyupspor', 'Bodrumspor', 1, 0, 2, 3, '6', '1', '7', '0.5'),
(714, 223, '2023-02-28', NULL, NULL, 'Krasnodar FK', 'CSKA Moscow', 1, 0, 7, 5, '4', '3', '7', '0.75'),
(715, 104, '2023-02-28', NULL, NULL, 'Chindia Targoviste', 'Universitatea Craiova', 0, 0, 10, 7, '2', '2', '4', '0.75'),
(716, 209, '2023-02-28', NULL, NULL, 'Levski Sofia', 'Ludogorets Razgrad', 0, 0, 8, 2, '11', '5', '16', '0.75'),
(717, 207, '2023-02-28', NULL, NULL, 'Radnicki Nis', 'Vojvodina', 1, 4, 12, 6, '3', '4', '7', '0'),
(718, 66, '2023-02-28', NULL, NULL, 'Enppi', 'EL Masry', 1, 2, 14, 11, '6', '6', '12', '0.75'),
(719, 66, '2023-02-28', NULL, NULL, 'Ceramica Cleopatra FC', 'NBE SC', 2, 1, 12, 18, '7', '5', '12', '0.25'),
(720, 167, '2023-02-28', NULL, NULL, 'Sanat Naft', 'Teraktor-Sazi', 1, 3, 15, 5, '6', '4', '10', '0.75'),
(721, 104, '2023-02-28', NULL, NULL, 'Hermannstadt', 'Universitaea Cluj', 0, 1, 13, 12, '5', '6', '11', '0'),
(722, 224, '2023-02-28', NULL, NULL, 'FC Mynai', 'FC Shakhtar Donetsk', 1, 4, 13, 2, '1', '8', '9', '-1.75'),
(723, 167, '2023-02-28', NULL, NULL, 'Aluminium Arak', 'Mobarakeh Sepahan', 1, 1, 6, 1, '3', '2', '5', '0.75'),
(724, 216, '2023-02-28', NULL, NULL, 'PDRM FA', 'Perak', 0, 0, 14, 13, '6', '5', '11', '0.25'),
(725, 167, '2023-02-28', NULL, NULL, 'Nassaji Mazandaran', 'Esteghlal Tehran', 1, 1, 11, 3, '', '', '', '-0.75'),
(726, 84, '2023-02-28', NULL, NULL, 'Lernayin Artsakh', 'Alashkert', 1, 3, 7, 4, '4', '3', '7', '-1'),
(727, 167, '2023-02-28', NULL, NULL, 'Havadar SC', 'Mes Rafsanjan', 0, 1, 8, 7, '0', '2', '2', '0'),
(728, 77, '2023-02-28', NULL, NULL, 'Arema Malang', 'Persik Kediri', 2, 3, 12, 17, '11', '7', '18', '0.5'),
(729, 225, '2023-02-28', NULL, NULL, 'Chinland', 'Yadanarbon FC', 2, 1, 12, 7, '3', '5', '8', '-1.75'),
(730, 225, '2023-02-28', NULL, NULL, 'Kachin United FC', 'Mahar United', 0, 2, 5, 6, '2', '8', '10', '0.5'),
(731, 77, '2023-02-28', NULL, NULL, 'Cilegon United', 'Persebaya Surabaya', 2, 2, 18, 7, '5', '9', '14', '-1'),
(732, 191, '2023-02-28', NULL, NULL, 'Club Leon', 'Monterrey', 1, 1, 8, 1, '5', '2', '7', '0'),
(733, 218, '2023-02-28', NULL, NULL, 'Portland Timbers', 'Sporting Kansas City', 1, 0, 8, 12, '3', '11', '14', '0.5'),
(734, 193, '2023-02-28', NULL, NULL, 'Perez Zeledon', 'Herediano', 2, 3, 8, 6, '3', '5', '8', '-0.5'),
(735, 230, '2023-03-01', NULL, NULL, 'Atletico Marte', 'Once Municipal', 1, 2, 11, 4, '2', '4', '6', '0.75'),
(736, 230, '2023-03-01', NULL, NULL, 'CD Dragon', 'Santa Tecla', 2, 0, 5, 9, '2', '7', '9', '0.5'),
(737, 50, '2023-03-01', NULL, NULL, 'CD Achuapa', 'CD Malacateco', 4, 3, 12, 9, '8', '0', '8', '0.25'),
(738, 203, '2023-03-01', NULL, NULL, 'Liverpool', 'Wolves', 2, 0, 7, 15, '5', '2', '7', '1'),
(739, 170, '2023-03-01', NULL, NULL, 'Osasuna', 'Athletic Bilbao', 1, 0, 8, 9, '3', '5', '8', '0.75'),
(740, 228, '2023-03-01', NULL, NULL, 'Marseille', 'Annecy', 2, 2, 2, 10, '10', '3', '13', '2.5'),
(741, 57, '2023-03-01', NULL, NULL, 'Sheffield United', 'Tottenham Hotspur', 1, 0, 2, 4, '2', '4', '6', '-0.75'),
(742, 203, '2023-03-01', NULL, NULL, 'Arsenal', 'Everton', 4, 0, 1, 18, '5', '1', '6', '1.5'),
(743, 57, '2023-03-01', NULL, NULL, 'Manchester United', 'West Ham United', 3, 1, 3, 16, '8', '1', '9', '1'),
(744, 59, '2023-03-01', NULL, NULL, 'Cittadella', 'Brescia', 0, 0, 13, 20, '8', '3', '11', '0.25'),
(745, 59, '2023-03-01', NULL, NULL, 'FC Bari 1908', 'Venezia F.C.', 1, 0, 3, 16, '3', '4', '7', '0.25'),
(746, 59, '2023-03-01', NULL, NULL, 'Perugia', 'Como', 0, 0, 15, 14, '9', '4', '13', '0'),
(747, 59, '2023-03-01', NULL, NULL, 'Benevento', 'Alto Adige/Sudtirol', 0, 2, 17, 6, '9', '3', '12', '0.25'),
(748, 59, '2023-03-01', NULL, NULL, 'Modena', 'Ascoli', 0, 1, 10, 12, '5', '7', '12', '0.25'),
(749, 59, '2023-03-01', NULL, NULL, 'Spal', 'Frosinone', 0, 2, 19, 1, '8', '2', '10', '-0.5'),
(750, 59, '2023-03-01', NULL, NULL, 'Cagliari', 'Genoa', 0, 0, 8, 2, '6', '6', '12', '0'),
(751, 57, '2023-03-01', NULL, NULL, 'Burnley', 'Fleetwood Town', 1, 0, 1, 11, '8', '1', '9', '1.75'),
(752, 200, '2023-03-01', NULL, NULL, 'Forces Armee Royales Rabat', 'UTS Union Touarga Sport Rabat', 3, 0, 2, 8, '5', '4', '9', '1'),
(753, 57, '2023-03-01', NULL, NULL, 'Southampton', 'Grimsby Town', 1, 2, 20, 16, '10', '0', '10', '1.5'),
(754, 229, '2023-03-01', NULL, NULL, 'FC Copenhagen', 'Vejle', 2, 0, 3, 1, '7', '1', '8', '1.25'),
(755, 231, '2023-03-01', NULL, NULL, 'SC Heerenveen', 'Feyenoord Rotterdam', 0, 1, 10, 1, '7', '2', '9', '-0.75'),
(756, 104, '2023-03-01', NULL, NULL, 'FC Botosani', 'FC Rapid Bucuresti', 1, 2, 11, 4, '7', '5', '12', '0.75'),
(757, 226, '2023-03-01', NULL, NULL, 'Nova Iguacu', 'Vitoria Salvador BA', 2, 0, 8, 5, '3', '2', '5', '0.75'),
(758, 166, '2023-03-01', NULL, NULL, 'Great Olympics', 'Accra Hearts of Oak', 1, 0, 13, 5, '3', '2', '5', '0.75'),
(759, 228, '2023-03-01', NULL, NULL, 'Toulouse', 'Rodez Aveyron', 6, 1, 11, 20, '12', '6', '18', '1.75'),
(760, 228, '2023-03-01', NULL, NULL, 'Nantes', 'Lens', 2, 1, 13, 4, '3', '7', '10', '-0.75'),
(761, 207, '2023-03-01', NULL, NULL, 'Mladost Lucani', 'Cukaricki', 0, 1, 13, 4, '2', '8', '10', '-0.5'),
(762, 50, '2023-03-01', NULL, NULL, 'Guastatoya', 'Deportivo Mixco', 3, 0, 3, 8, '6', '1', '7', '1'),
(763, 50, '2023-03-01', NULL, NULL, 'Santa Lucia Cotzumalguapa', 'CD Puerto de Iztapa', 1, 2, 7, 10, '5', '1', '6', '0.5'),
(764, 223, '2023-03-01', NULL, NULL, 'Dinamo Moscow', 'Krylya Sovetov Samara', 1, 1, 4, 11, '5', '3', '8', '1'),
(765, 104, '2023-03-01', NULL, NULL, 'CS Universitatea Craiova', 'SCM Argesul Pitesti', 1, 0, 5, 14, '3', '0', '3', '1.25'),
(766, 66, '2023-03-01', NULL, NULL, 'Pharco', 'Arab Contractors', 2, 1, 12, 6, '9', '7', '16', '0.75'),
(767, 68, '2023-03-01', NULL, NULL, 'Al Hidd', 'Sitra', 0, 2, 7, 4, '6', '2', '8', '0.75'),
(768, 68, '2023-03-01', NULL, NULL, 'Manama Club', 'Al Riffa Club', 1, 1, 1, 5, '2', '9', '11', '0.75'),
(769, 207, '2023-03-01', NULL, NULL, 'Spartak Subotica', 'Novi Pazar', 2, 0, 14, 6, '7', '6', '13', '0.25'),
(770, 166, '2023-03-01', NULL, NULL, 'Bibiani Gold Stars', 'Nsoatreman FC', 2, 0, 6, 12, '6', '0', '6', '1.25'),
(771, 166, '2023-03-01', NULL, NULL, 'Asante Kotoko FC', 'Bechem United', 1, 0, 4, 2, '3', '6', '9', '0.5'),
(772, 166, '2023-03-01', NULL, NULL, 'Karela United FC', 'Accra Lions', 1, 2, 14, 3, '7', '2', '9', '0.75'),
(773, 166, '2023-03-01', NULL, NULL, 'Legon Cities FC', 'Tamale City', 1, 1, 15, 17, '8', '2', '10', '1'),
(774, 104, '2023-03-01', NULL, NULL, 'CS Mioveni', 'FC Voluntari', 0, 3, 16, 12, '4', '2', '6', '0'),
(775, 122, '2023-03-01', NULL, NULL, 'Club Africain', 'Olympique de Beja', 1, 0, 4, 3, '4', '4', '8', '0.75'),
(776, 122, '2023-03-01', NULL, NULL, 'ES du Sahel', 'Club Sportif Sfaxien', 1, 0, 2, 5, '5', '2', '7', '0.75'),
(777, 207, '2023-03-01', NULL, NULL, 'Mladost Novi Sad', 'FK Napredak Krusevac', 0, 1, 15, 11, '12', '9', '21', '0'),
(778, 216, '2023-03-01', NULL, NULL, 'Kedah', 'Terengganu', 1, 0, 2, 14, '7', '6', '13', '0'),
(779, 216, '2023-03-01', NULL, NULL, 'Pulau Penang FA', 'Negeri Sembilan', 0, 0, 6, 8, '5', '5', '10', '0.75'),
(780, 167, '2023-03-01', NULL, NULL, 'Foolad Khozestan', 'Malavan', 1, 0, 9, 12, '7', '0', '7', '0.75'),
(781, 216, '2023-03-01', NULL, NULL, 'Sabah', 'Kelantan United', 3, 1, 1, 13, '8', '3', '11', '1.25'),
(782, 216, '2023-03-01', NULL, NULL, 'Cu-a-la Lăm-pơ', 'Johor Darul Takzim', 0, 3, 7, 3, '2', '3', '5', '-1.5'),
(783, 84, '2023-03-01', NULL, NULL, 'FC Pyunik', 'Shirak', 4, 1, 3, 8, '6', '0', '6', '1.25'),
(784, 84, '2023-03-01', NULL, NULL, 'Banants', 'FK Van Charentsavan', 2, 0, 1, 5, '5', '3', '8', '1.25'),
(785, 77, '2023-03-01', NULL, NULL, 'Bhayangkara Solo FC', 'PSIS Semarang', 3, 2, 8, 9, '8', '5', '13', '0.75'),
(786, 77, '2023-03-01', NULL, NULL, 'PSM Makassar', 'Dewa United FC', 2, 0, 1, 14, '5', '5', '10', '1.25'),
(787, 232, '2023-03-01', NULL, NULL, 'Chungnam Asan', 'Gimcheon Sangmu', 1, 2, 6, 10, '5', '3', '8', '0.75'),
(788, 232, '2023-03-01', NULL, NULL, 'Seongnam FC', 'Ansan Greeners FC', 2, 1, 12, 9, '8', '7', '15', '0.5'),
(789, 232, '2023-03-01', NULL, NULL, 'Seoul E-Land FC', 'Cheongju Jikji FC', 2, 3, 7, 14, '6', '1', '7', '1'),
(790, 232, '2023-03-01', NULL, NULL, 'Cheonan City FC', 'Busan IPark', 2, 3, 10, 10, '6', '3', '9', '0'),
(791, 232, '2023-03-01', NULL, NULL, 'Gyeongnam FC', 'Bucheon FC 1995', 1, 0, 5, 4, '5', '11', '16', '0'),
(792, 232, '2023-03-01', NULL, NULL, 'Jeonnam Dragons', 'FC Anyang', 0, 1, 11, 3, '3', '9', '12', '0'),
(793, 233, '2023-03-01', NULL, NULL, 'Flamengo', 'Independiente Jose Teran', 1, 0, 5, 6, '9', '2', '11', '1.75'),
(794, 226, '2023-03-01', NULL, NULL, 'Fluminense PI', 'Ponte Preta', 0, 4, 1, 12, '2', '9', '11', '-0.5'),
(795, 227, '2023-03-01', NULL, NULL, 'Sporting Cristal', 'FC Nacional Asuncion', 5, 1, 2, 6, '6', '1', '7', '0.75');

-- --------------------------------------------------------

--
-- Cấu trúc bảng cho bảng `new_match_today`
--

CREATE TABLE `new_match_today` (
  `entity_id` int NOT NULL,
  `league_name` varchar(200) DEFAULT NULL,
  `datetime` varchar(200) NOT NULL,
  `result` int NOT NULL COMMENT '3 is draw, 2 is not set, 1 is win, 0 is lose, 4 is not found',
  `home_name` varchar(200) NOT NULL,
  `away_name` varchar(200) NOT NULL,
  `home_position` smallint NOT NULL,
  `away_position` smallint NOT NULL,
  `odd` varchar(50) NOT NULL,
  `odd_converted` varchar(50) DEFAULT NULL
) ENGINE=InnoDB DEFAULT CHARSET=utf8mb4 COLLATE=utf8mb4_0900_ai_ci;

--
-- Đang đổ dữ liệu cho bảng `new_match_today`
--

INSERT INTO `new_match_today` (`entity_id`, `league_name`, `datetime`, `result`, `home_name`, `away_name`, `home_position`, `away_position`, `odd`, `odd_converted`) VALUES
(1, 'Hạng hai Đức', '2023-02-17 17:30:00', 1, 'Eintr. Braunschweig', 'Holstein Kiel', 14, 8, '0', '0'),
(2, 'Hạng hai Đức', '2023-02-17 17:30:00', 1, 'SC Paderborn 07', 'FC Kaiserslautern', 4, 5, '0.5', '0.5'),
(3, 'VĐQG Ả Rập Xê Út', '2023-02-17 17:30:00', 1, 'Al Wehda Mecca', 'Al-Raed', 13, 12, '0/0.5', '0.25'),
(4, 'VĐQG Nam Phi', '2023-02-17 17:30:00', 1, 'Orlando Pirates', 'Maritzburg United', 4, 15, '0.5/1', '0.75'),
(5, 'Hạng 2 Bồ Đào Nha', '2023-02-17 18:00:00', 1, 'Desportivo de Tondela', 'Academico Viseu', 9, 4, '0', '0'),
(6, 'League 1 Đan Mạch', '2023-02-17 18:00:00', 1, 'Helsingor', 'Herfolge Boldklub Koge', 5, 7, '0.5/1', '0.75'),
(7, 'VĐQG Romania', '2023-02-17 18:00:00', 1, 'CS Mioveni', 'FC Rapid Bucuresti', 16, 4, '-0.5', '-0.5'),
(8, 'League 1 Thụy Sỹ', '2023-02-17 18:30:00', 1, 'Yverdon', 'Vaduz', 2, 9, '0.5', '0.5'),
(9, 'League 1 Thụy Sỹ', '2023-02-17 18:30:00', 1, 'FC Wil 1900', 'Neuchatel Xamax', 1, 10, '1', '1'),
(10, 'League 1 Thụy Sỹ', '2023-02-17 18:30:00', 1, 'FC Schaffhausen', 'Aarau', 7, 6, '0', '0'),
(11, 'VĐQG Hà Lan', '2023-02-17 19:00:00', 1, 'RKC Waalwijk', 'Fortuna Sittard', 9, 10, '0/0.5', '0.25'),
(12, 'Hạng 2 Hà Lan', '2023-02-17 19:00:00', 1, 'Almere City FC', 'Helmond Sport', 3, 18, '1', '1'),
(13, 'Hạng 2 Hà Lan', '2023-02-17 19:00:00', 1, 'ADO Den Haag', 'FC Zwolle', 12, 1, '-0.5', '-0.5'),
(14, 'Hạng 2 Hà Lan', '2023-02-17 19:00:00', 1, 'FC Dordrecht 90', 'VVV Venlo', 15, 6, '0/-0.5', '-0.75'),
(15, 'Hạng 2 Hà Lan', '2023-02-17 19:00:00', 1, 'Heracles Almelo', 'Willem II', 2, 4, '0', '0'),
(16, 'Hạng 2 Hà Lan', '2023-02-17 19:00:00', 1, 'FC Oss', 'FC Eindhoven', 19, 5, '0/-0.5', '-0.75'),
(17, 'Hạng 2 Hà Lan', '2023-02-17 19:00:00', 1, 'Telstar', 'Jong PSV Eindhoven', 9, 13, '0.5', '0.5'),
(18, 'Hạng 2 Hà Lan', '2023-02-17 19:00:00', 1, 'AZ Alkmaar 2', 'FC Den Bosch', 8, 16, '0.5', '0.5'),
(19, 'CAF Champions League', '2023-02-17 19:00:00', 1, 'JS Kabylie', 'Wydad', 15, 2, '0', '0'),
(20, 'VĐQG Hungary', '2023-02-17 19:00:00', 1, 'Varda SE', 'Ujpesti TE', 4, 9, '0/0.5', '0.25'),
(21, 'League 1 Thụy Sỹ', '2023-02-17 19:15:00', 1, 'FC Thun', 'Stade Ouchy', 5, 4, '0/0.5', '0.25'),
(22, 'VĐQG Đức', '2023-02-17 19:30:00', 1, 'Augsburg', 'Hoffenheim', 13, 14, '0', '0'),
(23, 'Hạng 2 Ý', '2023-02-17 19:30:00', 1, 'Pisa', 'Venezia F.C.', 7, 13, '0/0.5', '0.25'),
(24, 'VĐQG  Ba Lan', '2023-02-17 19:30:00', 1, 'Widzew lodz', 'Slask Wroclaw', 4, 11, '0.5/1', '0.75'),
(25, 'VĐQG Ý', '2023-02-17 19:45:00', 1, 'US Sassuolo Calcio', 'Napoli', 15, 1, '-1', '-1'),
(26, 'VĐQG Bỉ', '2023-02-17 19:45:00', 1, 'KV Mechelen', 'Genk', 13, 1, '-0.5/1', '-0.75'),
(27, 'Scotland Championship', '2023-02-17 19:45:00', 1, 'Greenock Morton', 'Dundee', 4, 2, '-0.5', '-0.5'),
(28, 'Scotland Championship', '2023-02-17 19:45:00', 1, 'Queen Park', 'Raith Rovers', 1, 6, '0.5', '0.5'),
(29, 'VĐQG Ireland', '2023-02-17 19:45:00', 1, 'Dundalk', 'UC Dublin', 10, 9, '1.5', '1.5'),
(30, 'VĐQG Ireland', '2023-02-17 19:45:00', 1, 'Shelbourne', 'Drogheda United', 4, 6, '0.5/1', '0.75'),
(31, 'VĐQG Ireland', '2023-02-17 19:45:00', 1, 'Cork City', 'Bohemians', 5, 2, '0', '0'),
(32, 'VĐQG Ireland', '2023-02-17 19:45:00', 1, 'St. Patricks', 'Derry City', 7, 3, '0/-0.5', '-0.75'),
(33, 'VĐQG Bắc Ireland', '2023-02-17 19:45:00', 1, 'Ballymena United', 'Glentoran FC', 7, 6, '-1/1.5', '-1.25'),
(34, 'VĐQG Bắc Ireland', '2023-02-17 19:45:00', 1, 'Newry City', 'Dungannon Swifts', 10, 11, '0', '0'),
(35, 'VĐQG Wales', '2023-02-17 19:45:00', 1, 'Penybont FC', 'UWIC Inter Cardiff', 3, 4, '0/0.5', '0.25'),
(36, 'VĐQG Tây Ban Nha', '2023-02-17 20:00:00', 1, 'Girona', 'Almeria', 11, 15, '0.5', '0.5'),
(37, 'VĐQG Pháp', '2023-02-17 20:00:00', 1, 'Auxerre', 'Lyonnais', 19, 9, '-0.5', '-0.5'),
(38, 'Hạng Nhất Anh', '2023-02-17 20:00:00', 1, 'Cardiff City', 'Reading', 21, 14, '0.5', '0.5'),
(39, 'Hạng 2 Tây Ban Nha', '2023-02-17 20:00:00', 1, 'FC Cartagena', 'Real Oviedo', 9, 12, '0/0.5', '0.25'),
(40, 'VĐQG Bồ Đào Nha', '2023-02-17 20:15:00', 1, 'Gil Vicente', 'Vizela', 13, 10, '0', '0'),
(41, 'VĐQG Argentina', '2023-02-17 21:00:00', 1, 'Gimnasia LP', 'Instituto', 27, 10, '0', '0'),
(42, 'VĐQG Peru', '2023-02-17 21:00:00', 1, 'Sporting Cristal', 'Melgar', 3, 19, '0.5/1', '0.75'),
(43, 'VĐQG Paraguay', '2023-02-17 21:00:00', 1, 'Resistencia SC', 'Guarani CA', 8, 9, '-0.5', '-0.5'),
(44, 'VĐQG Chilê', '2023-02-17 21:00:00', 1, 'Union Espanola', 'CD Magallanes', 15, 16, '0/-0.5', '-0.75'),
(45, 'VĐQG Bolivia', '2023-02-17 22:00:00', 1, 'Blooming', 'Universitario De Vinto', 14, 12, '1', '1'),
(46, 'VĐQG Paraguay', '2023-02-17 23:30:00', 1, 'Guairena', 'Cerro Porteno', 7, 4, '-0.5/1', '-0.75'),
(47, 'VĐQG Venezuela', '2023-02-17 23:30:00', 1, 'Academia Puerto Cabello', 'Universidad Central de Venezuela', 1, 9, '1', '1'),
(48, 'VĐQG Peru', '2023-02-18 00:00:00', 1, 'Univ. Cesar Vallejo', 'Deportivo Union Comercio', 5, 10, '1', '1'),
(49, 'VĐQG Uruguay', '2023-02-18 00:00:00', 1, 'Cerro Largo', 'Danubio FC', 6, 11, '0', '0'),
(50, 'VĐQG Argentina', '2023-02-18 00:30:00', 1, 'Arsenal de Sarandi', 'Racing Club', 23, 21, '-1', '-1'),
(51, 'VĐQG Argentina', '2023-02-18 00:30:00', 1, 'CA Huracan', 'Barracas Central', 2, 13, '1', '1'),
(52, 'VĐQG Bolivia', '2023-02-18 00:30:00', 1, 'The Strongest', 'Bolivar', 1, 2, '0', '0'),
(53, 'VĐQG Colombia', '2023-02-18 01:00:00', 1, 'Atletico Huila', 'Deportes Tolima', 20, 10, '0/-0.5', '-0.75'),
(54, 'Mexico Liga MX', '2023-02-18 01:00:00', 1, 'FC Juarez', 'Club Leon', 7, 6, '0', '0'),
(55, 'VĐQG Costa Rica', '2023-02-18 02:00:00', 1, 'Alajuelense', 'AD Grecia', 1, 10, '1.5', '1.5'),
(56, 'Mexico Liga MX', '2023-02-18 03:05:00', 1, 'Puebla', 'Cruz Azul', 15, 17, '0/-0.5', '-0.75'),
(57, 'Hạng 2 Nhật Bản', '2023-02-18 04:05:00', 1, 'Ventforet Kofu', 'Yamagata Montedio', 18, 6, '0', '0'),
(58, 'VĐQG Nhật Bản', '2023-02-18 05:00:00', 1, 'Vissel Kobe', 'Avispa Fukuoka', 13, 14, '0/0.5', '0.25'),
(59, 'VĐQG Nhật Bản', '2023-02-18 05:00:00', 1, 'Cerezo Osaka', 'Albirex Niigata', 5, 1, '0.5', '0.5'),
(60, 'VĐQG Nhật Bản', '2023-02-18 05:00:00', 1, 'FC Tokyo', 'Urawa Red Diamonds', 6, 9, '0', '0'),
(61, 'VĐQG Nhật Bản', '2023-02-18 05:00:00', 1, 'Yokohama FC', 'Nagoya Grampus Eight', 2, 8, '0/-0.5', '-0.75'),
(62, 'VĐQG Nhật Bản', '2023-02-18 05:00:00', 1, 'Sanfrecce Hiroshima', 'Consadole Sapporo', 3, 10, '0.5', '0.5'),
(63, 'VĐQG Nhật Bản', '2023-02-18 05:00:00', 1, 'Kyoto Purple Sanga', 'Kashima Antlers', 16, 4, '0/-0.5', '-0.75'),
(64, 'Hạng 2 Nhật Bản', '2023-02-18 05:00:00', 1, 'V-Varen Nagasaki', 'JEF United Ichihara', 11, 10, '0', '0'),
(65, 'Hạng 2 Nhật Bản', '2023-02-18 05:00:00', 1, 'Shimizu S-Pulse', 'Mito Hollyhock', 17, 13, '0.5/1', '0.75'),
(66, 'Hạng 2 Nhật Bản', '2023-02-18 05:00:00', 1, 'Ban Di Tesi Iwaki', 'Fujieda MYFC', 1, 2, '0.5', '0.5'),
(67, 'Hạng 2 Nhật Bản', '2023-02-18 05:00:00', 1, 'Thespa Kusatsu Gunma', 'Blaublitz Akita', 20, 12, '0', '0'),
(68, 'Hạng 2 Nhật Bản', '2023-02-18 05:00:00', 1, 'Jubilo Iwata', 'Okayama FC', 18, 3, '0/0.5', '0.25'),
(69, 'Hạng 2 Nhật Bản', '2023-02-18 05:00:00', 1, 'Renofa Yamaguchi', 'Omiya Ardija', 16, 19, '0/0.5', '0.25'),
(70, 'VĐQG Nhật Bản', '2023-02-18 06:00:00', 1, 'Sagan Tosu', 'Shonan Bellmare', 11, 12, '0', '0'),
(71, 'VĐQG Nhật Bản', '2023-02-18 06:00:00', 1, 'Kashiwa Reysol', 'Gamba Osaka', 7, 15, '0/0.5', '0.25'),
(72, 'VĐQG Úc', '2023-02-18 06:00:00', 1, 'Sydney FC', 'Brisbane Roar FC', 5, 10, '0.5', '0.5'),
(73, 'VĐQG Úc', '2023-02-18 07:00:00', 1, 'FC Macarthur', 'Newcastle Jets FC', 8, 7, '0', '0'),
(74, 'NPL Victoria Úc', '2023-02-18 07:00:00', 1, 'Port Melbourne Sharks', 'Avondale FC', 2, 7, '0/0.5', '0.25'),
(75, 'NPL Victoria Úc', '2023-02-18 07:15:00', 1, 'Altona Magic', 'Hume City', 11, 12, '0/0.5', '0.25'),
(76, 'VĐQG Indonesia', '2023-02-18 08:00:00', 1, 'Arema Malang', 'Barito Putera', 11, 16, '0.5', '0.5'),
(77, 'VĐQG Úc', '2023-02-18 08:45:00', 1, 'Melbourne Victory FC', 'Melbourne City', 12, 1, '-0.5', '-0.5'),
(78, 'VĐQG Indonesia', '2023-02-18 10:00:00', 1, 'Bali United FC', 'Persebaya Surabaya', 6, 7, '0', '0'),
(79, 'Hạng 2 Bồ Đào Nha', '2023-02-18 11:00:00', 1, 'FC Penafiel', 'SC Covilha', 11, 18, '0.5/1', '0.75'),
(80, 'VĐQG Úc', '2023-02-18 11:00:00', 1, 'Perth Glory FC', 'Central Coast Mariners FC', 9, 2, '0/-0.5', '-0.75'),
(81, 'VĐQG Thái Lan', '2023-02-18 11:00:00', 1, 'Bangkok Glass', 'Prachuap Khiri Khan', 8, 12, '1/1.5', '1.25'),
(82, 'VĐQG Thái Lan', '2023-02-18 11:30:00', 1, 'Buriram United', 'BEC Tero Sasana', 1, 7, '1.5/2', '1.75'),
(83, 'Hạng hai Đức', '2023-02-18 12:00:00', 1, 'Greuther Furth', 'Fortuna Dusseldorf', 11, 6, '0/0.5', '0.25'),
(84, 'Hạng hai Đức', '2023-02-18 12:00:00', 1, 'FC Magdeburg', 'St. Pauli', 15, 9, '0/-0.5', '-0.75'),
(85, 'Hạng hai Đức', '2023-02-18 12:00:00', 1, 'SSV Jahn Regensburg', 'Hannover 96', 18, 7, '0', '0'),
(86, 'League 1 Đan Mạch', '2023-02-18 12:00:00', 1, 'Vejle', 'Fremad Amager', 1, 9, '1/1.5', '1.25'),
(87, 'League 1 Đan Mạch', '2023-02-18 12:00:00', 1, 'Hvidovre IF', 'Nykobing FC', 2, 12, '1.5', '1.5'),
(88, 'VĐQG Serbia', '2023-02-18 12:00:00', 1, 'Radnicki Nis', 'Radnik Surdulica', 11, 16, '0.5', '0.5'),
(89, 'VĐQG Slovenia', '2023-02-18 12:00:00', 1, 'Tabor Sezana', 'NK Publikum Celje', 8, 2, '-0.5/1', '-0.75'),
(90, 'VĐQG Ấn Độ', '2023-02-18 12:00:00', 1, 'Hyderabad FC', 'Jamshedpur FC', 2, 10, '0.5/1', '0.75'),
(91, 'VĐQG Thái Lan', '2023-02-18 12:00:00', 1, 'Chiangrai United', 'Khonkaen United', 5, 10, '0.5/1', '0.75'),
(92, 'Ngoại Hạng Anh', '2023-02-18 12:30:00', 1, 'Aston Villa', 'Arsenal', 11, 2, '-0.5/1', '-0.75'),
(93, 'Hạng Nhất Anh', '2023-02-18 12:30:00', 1, 'Millwall', 'Sheffield United', 7, 2, '0', '0'),
(94, 'VĐQG Romania', '2023-02-18 12:30:00', 1, 'Hermannstadt', 'UTA Arad', 13, 15, '0/0.5', '0.25'),
(118, 'VĐQG Indonesia', '2023-02-18 09:00:00', 1, 'Bali United FC', 'Persebaya Surabaya', 6, 7, '0.5', '0.5'),
(119, 'V-League', '2023-02-18 10:00:00', 1, 'SHB Đà Nẵng', 'TopenLand Bình Định', 14, 4, '0/-0.5', '-0.75'),
(136, 'VĐQG Wales', '2023-02-18 12:45:00', 1, 'Connahs Quay Nomads FC', 'Bala Town', 2, 5, '0.5', '0.5'),
(137, 'VĐQG Tây Ban Nha', '2023-02-18 13:00:00', 1, 'Real Sociedad', 'Celta Vigo', 3, 14, '0.5/1', '0.75'),
(138, 'Hạng 2 Ý', '2023-02-18 13:00:00', 1, 'Cittadella', 'Reggina', 15, 4, '0', '0'),
(139, 'Hạng 2 Ý', '2023-02-18 13:00:00', 1, 'Benevento', 'Brescia', 19, 17, '0.5', '0.5'),
(140, 'Hạng 2 Ý', '2023-02-18 13:00:00', 1, 'Spal', 'Como', 18, 14, '0', '0'),
(141, 'Hạng 2 Ý', '2023-02-18 13:00:00', 1, 'Cosenza Calcio 1914', 'Alto Adige/Sudtirol', 20, 5, '0', '0'),
(142, 'Hạng 2 Ý', '2023-02-18 13:00:00', 1, 'Parma', 'Ascoli', 8, 12, '0.5/1', '0.75'),
(143, 'Hạng 2 Ý', '2023-02-18 13:00:00', 1, 'Palermo', 'Frosinone', 10, 1, '0/-0.5', '-0.75'),
(144, 'VĐQG  Israel', '2023-02-18 13:00:00', 1, 'Hapoel Ironi Kiryat Shmona', 'Hapoel Tel Aviv', 13, 11, '0/0.5', '0.25'),
(145, 'VĐQG Bulgaria', '2023-02-18 13:00:00', 1, 'Cherno More Varna', 'Beroe', 7, 11, '0.5/1', '0.75'),
(146, 'VĐQG Hungary', '2023-02-18 13:30:00', 1, 'Paksi SE', 'Mezokovesd Zsory', 7, 8, '0/0.5', '0.25'),
(147, 'VĐQG UAE', '2023-02-18 13:30:00', 1, 'Al Wahda', 'Al Bataeh', 5, 11, '1.5/2', '1.75'),
(148, 'VĐQG UAE', '2023-02-18 13:30:00', 1, 'Ajman Club', 'Dabba Al-Fujairah', 7, 14, '1', '1'),
(149, 'VĐQG Nam Phi', '2023-02-18 13:30:00', 1, 'Bloemfontein Celtic', 'Supersport United', 9, 2, '0', '0'),
(150, 'VĐQG Ý', '2023-02-18 14:00:00', 1, 'Sampdoria', 'Bologna', 19, 11, '0/-0.5', '-0.75'),
(151, 'Hạng 2 Bồ Đào Nha', '2023-02-18 14:00:00', 1, 'Clube Desportivo Trofense', 'UD Oliveirense', 17, 6, '0', '0'),
(152, 'VĐQG  Ba Lan', '2023-02-18 14:00:00', 1, 'Korona Kielce', 'Lechia Gdansk', 17, 14, '0/0.5', '0.25'),
(153, 'VĐQG Séc', '2023-02-18 14:00:00', 1, 'Slovan Liberec', 'SK Sigma Olomouc', 8, 6, '0/0.5', '0.25'),
(154, 'VĐQG Séc', '2023-02-18 14:00:00', 1, 'Brno', 'Banik Ostrava', 11, 9, '0', '0'),
(155, 'VĐQG Séc', '2023-02-18 14:00:00', 1, 'Hradec Kralove', 'Mlada Boleslav', 7, 10, '0/-0.5', '-0.75'),
(156, 'VĐQG Serbia', '2023-02-18 14:00:00', 1, 'Crvena Zvezda', 'Cukaricki', 1, 4, '1.5/2', '1.75'),
(157, 'VĐQG Slovkia', '2023-02-18 14:00:00', 1, 'Zemplin Michalovce', 'DAC Dunajska Streda', 8, 2, '-0.5', '-0.5'),
(158, 'VĐQG Slovkia', '2023-02-18 14:00:00', 1, 'Slovan Bratislava', 'Dukla Banska Bystrica', 1, 7, '1.5/2', '1.75'),
(159, 'VĐQG Slovkia', '2023-02-18 14:00:00', 1, 'Trencin', 'Zlate Moravce', 10, 9, '0.5/1', '0.75'),
(160, 'VĐQG Síp', '2023-02-18 14:00:00', 1, 'Aris Limassol', 'Nea Salamis', 4, 5, '1', '1'),
(161, 'VĐQG Croatia', '2023-02-18 14:00:00', 1, 'Istra 1961', 'NK Osijek', 5, 3, '0', '0'),
(162, 'VĐQG Slovenia', '2023-02-18 14:00:00', 1, 'Radomlje', 'NK Mura 05', 10, 5, '0/-0.5', '-0.75'),
(163, 'VĐQG Chilê', '2023-02-18 14:00:00', 1, 'Coquimbo Unido', 'Huachipato', 14, 1, '0', '0'),
(164, 'VĐQG Ấn Độ', '2023-02-18 14:00:00', 1, 'Mohun Bagan', 'Kerala Blasters FC', 6, 3, '0/0.5', '0.25'),
(165, 'VĐQG Đức', '2023-02-18 14:30:00', 1, 'Monchengladbach', 'Bayern Munich', 10, 1, '-1.5', '-1.5'),
(166, 'VĐQG Đức', '2023-02-18 14:30:00', 1, 'Bochum', 'SC Freiburg', 15, 4, '0/-0.5', '-0.75'),
(167, 'VĐQG Đức', '2023-02-18 14:30:00', 1, 'Wolfsburg', 'RB Leipzig', 7, 5, '0/-0.5', '-0.75'),
(168, 'VĐQG Đức', '2023-02-18 14:30:00', 1, 'VfB Stuttgart', 'Koln', 17, 11, '0/0.5', '0.25'),
(169, 'VĐQG Wales', '2023-02-18 14:30:00', 1, 'Aberystwyth Town', 'Pontypridd', 10, 11, '0/-0.5', '-0.75'),
(170, 'VĐQG Wales', '2023-02-18 14:30:00', 1, 'Haverfordwest County', 'Flint Town United', 7, 9, '0.5/1', '0.75'),
(171, 'VĐQG Wales', '2023-02-18 14:30:00', 1, 'The New Saints', 'Newtown AFC', 1, 6, '2.5', '2.5'),
(172, 'Ngoại Hạng Anh', '2023-02-18 15:00:00', 1, 'Everton', 'Leeds United', 18, 17, '0/0.5', '0.25'),
(173, 'Ngoại Hạng Anh', '2023-02-18 15:00:00', 1, 'Wolves', 'AFC Bournemouth', 15, 19, '0.5/1', '0.75'),
(174, 'Ngoại Hạng Anh', '2023-02-18 15:00:00', 1, 'Nottingham Forest', 'Manchester City', 14, 1, '-1.5', '-1.5'),
(175, 'Ngoại Hạng Anh', '2023-02-18 15:00:00', 1, 'Brighton Hove Albion', 'Fulham', 6, 7, '0.5/1', '0.75'),
(176, 'Ngoại Hạng Anh', '2023-02-18 15:00:00', 1, 'Brentford', 'Crystal Palace', 8, 12, '0.5', '0.5'),
(177, 'Ngoại Hạng Anh', '2023-02-18 15:00:00', 1, 'Chelsea FC', 'Southampton', 10, 20, '1/1.5', '1.25'),
(178, 'Hạng Nhất Anh', '2023-02-18 15:00:00', 1, 'Rotherham United', 'Coventry', 21, 18, '0/-0.5', '-0.75'),
(179, 'Hạng Nhất Anh', '2023-02-18 15:00:00', 1, 'Huddersfield Town', 'Birmingham', 23, 17, '0', '0'),
(180, 'Hạng Nhất Anh', '2023-02-18 15:00:00', 1, 'Luton Town', 'Burnley', 4, 1, '0/-0.5', '-0.75'),
(181, 'Hạng Nhất Anh', '2023-02-18 15:00:00', 1, 'Hull City', 'Preston North End', 12, 13, '0/0.5', '0.25'),
(182, 'Hạng Nhất Anh', '2023-02-18 15:00:00', 1, 'Blackburn Rovers', 'Swansea City', 8, 11, '0', '0'),
(183, 'Hạng Nhất Anh', '2023-02-18 15:00:00', 1, 'Wigan Athletic', 'Norwich City', 22, 9, '-0.5', '-0.5'),
(184, 'Hạng Nhất Anh', '2023-02-18 15:00:00', 1, 'Middlesbrough', 'Queens Park Rangers', 3, 16, '1', '1'),
(185, 'Hạng Nhất Anh', '2023-02-18 15:00:00', 1, 'Blackpool', 'Stoke City', 24, 19, '0/-0.5', '-0.75'),
(186, 'Hạng Nhất Anh', '2023-02-18 15:00:00', 1, 'Sunderland', 'Bristol City', 5, 15, '0.5', '0.5'),
(187, 'VĐQG Bỉ', '2023-02-18 15:00:00', 1, 'Royal Antwerp FC', 'AS Eupen', 3, 14, '1.5', '1.5'),
(188, 'Ngoại hạng Scotland', '2023-02-18 15:00:00', 1, 'Livingston', 'Glasgow Rangers', 4, 2, '-1/1.5', '-1.25'),
(189, 'Ngoại hạng Scotland', '2023-02-18 15:00:00', 1, 'Celtic', 'Aberdeen', 1, 7, '2/2.5', '2.25'),
(190, 'Ngoại hạng Scotland', '2023-02-18 15:00:00', 1, 'St. Mirren', 'Ross County', 6, 11, '0.5', '0.5'),
(191, 'Ngoại hạng Scotland', '2023-02-18 15:00:00', 1, 'Dundee United', 'St. Johnstone', 12, 8, '0/0.5', '0.25'),
(192, 'Ngoại hạng Scotland', '2023-02-18 15:00:00', 1, 'Hibernian FC', 'Kilmarnock', 5, 10, '0.5/1', '0.75'),
(193, 'VĐQG Hy Lạp', '2023-02-18 15:00:00', 1, 'Panathinaikos', 'Volos NFC', 1, 5, '1/1.5', '1.25'),
(194, 'Scotland Championship', '2023-02-18 15:00:00', 1, 'Ayr Utd.', 'Partick Thistle', 3, 6, '0', '0'),
(195, 'Scotland Championship', '2023-02-18 15:00:00', 1, 'Cove Rangers', 'Arbroath', 8, 9, '0', '0'),
(196, 'Scotland Championship', '2023-02-18 15:00:00', 1, 'Inverness C.T.', 'Hamilton FC', 7, 10, '0/0.5', '0.25'),
(197, 'VĐQG Bắc Ireland', '2023-02-18 15:00:00', 1, 'Crusaders FC', 'Coleraine', 5, 4, '0.5', '0.5'),
(198, 'VĐQG Bắc Ireland', '2023-02-18 15:00:00', 1, 'Linfield FC', 'Carrick Rangers', 3, 8, '1.5/2', '1.75'),
(199, 'VĐQG Bắc Ireland', '2023-02-18 15:00:00', 1, 'Larne FC', 'Cliftonville', 1, 2, '0.5/1', '0.75'),
(200, 'VĐQG Ả Rập Xê Út', '2023-02-18 15:00:00', 1, 'Al Khaleej Club', 'Dhamk', 14, 7, '0', '0'),
(201, 'VĐQG Tây Ban Nha', '2023-02-18 15:15:00', 1, 'Real Betis', 'Real Valladolid', 5, 13, '0.5/1', '0.75'),
(202, 'Hạng 2 Ý', '2023-02-18 15:15:00', 1, 'FC Bari 1908', 'Cagliari', 3, 7, '0/0.5', '0.25'),
(203, 'Hạng 2 Ý', '2023-02-18 15:15:00', 1, 'Perugia', 'Ternana', 16, 11, '0.5', '0.5'),
(204, 'Hạng 2 Tây Ban Nha', '2023-02-18 15:15:00', 1, 'CD Lugo', 'Eibar', 21, 5, '-0.5', '-0.5'),
(205, 'VĐQG Bồ Đào Nha', '2023-02-18 15:30:00', 1, 'Portimonense', 'Maritimo', 13, 17, '0/0.5', '0.25'),
(206, 'VĐQG Hà Lan', '2023-02-18 15:30:00', 1, 'Volendam', 'Vitesse Arnhem', 15, 12, '-0.5', '-0.5'),
(207, 'Hạng 2 Bồ Đào Nha', '2023-02-18 15:30:00', 1, 'Porto B', 'Amadora', 7, 2, '0/0.5', '0.25'),
(208, 'Hạng 2 Bồ Đào Nha', '2023-02-18 15:30:00', 1, 'Feirense', 'Vilafranquense', 9, 5, '0/0.5', '0.25'),
(209, 'VĐQG  Israel', '2023-02-18 15:30:00', 1, 'Hirnyk Kryvyi Rih', 'Maccabi Netanya', 12, 5, '-0.5/1', '-0.75'),
(210, 'VĐQG Bulgaria', '2023-02-18 15:30:00', 1, 'CSKA Sofia', 'Botev Plovdiv', 1, 10, '1', '1'),
(211, 'VĐQG Nam Phi', '2023-02-18 15:30:00', 1, 'Sekhukhune United', 'Richards Bay', 7, 4, '0/0.5', '0.25'),
(212, 'VĐQG Pháp', '2023-02-18 15:59:00', 1, 'Nice', 'Stade Reims', 7, 10, '0/0.5', '0.25'),
(213, 'VĐQG Áo', '2023-02-18 15:59:00', 1, 'TSV Hartberg', 'Sturm Graz', 11, 2, '-1', '-1'),
(214, 'VĐQG Áo', '2023-02-18 15:59:00', 1, 'SG Austria Klagenfurt', 'Wolfsberger AC', 7, 9, '0/0.5', '0.25'),
(215, 'VĐQG Áo', '2023-02-18 15:59:00', 1, 'SV Ried', 'LASK Linz', 12, 3, '-0.5/1', '-0.75'),
(216, 'VĐQG Serbia', '2023-02-18 15:59:00', 1, 'FK Napredak Krusevac', 'Novi Pazar', 12, 6, '0', '0'),
(217, 'VĐQG Hungary', '2023-02-18 15:59:00', 1, 'Ferencvarosi TC', 'Kecskemeti TE', 1, 2, '1.5', '1.5'),
(218, 'VĐQG Croatia', '2023-02-18 16:10:00', 1, 'NK Lokomotiva Zagreb', 'NK Rijeka', 7, 8, '0/0.5', '0.25'),
(219, 'VĐQG UAE', '2023-02-18 16:15:00', 1, 'Al-Jazira(UAE)', 'Baniyas', 6, 9, '1', '1'),
(220, 'VĐQG  Israel', '2023-02-18 16:30:00', 1, 'Hapoel Jerusalem', 'Sektzia Nes Tziona', 6, 14, '0.5/1', '0.75'),
(221, 'VĐQG  Israel', '2023-02-18 16:30:00', 1, 'Hapoel Hadera', 'Hapoel Bnei Sakhnin FC', 9, 10, '0', '0'),
(222, 'VĐQG  Ba Lan', '2023-02-18 16:30:00', 1, 'Rakow Czestochowa', 'Gornik Zabrze', 1, 13, '1/1.5', '1.25'),
(223, 'VĐQG Slovenia', '2023-02-18 16:30:00', 1, 'Gorica', 'FC Koper', 9, 4, '-0.5', '-0.5'),
(224, 'VĐQG Ý', '2023-02-18 17:00:00', 1, 'S.S.D. Monza 1912', 'AC Milan', 10, 5, '-0.5', '-0.5'),
(225, 'VĐQG Thụy Sĩ', '2023-02-18 17:00:00', 1, 'Winterthur', 'Sion', 10, 8, '0', '0'),
(226, 'VĐQG Séc', '2023-02-18 17:00:00', 1, 'Teplice', 'Slavia Praha', 13, 1, '-1.5/2', '-1.75'),
(227, 'VĐQG Síp', '2023-02-18 17:00:00', 1, 'Akritas Chloraka', 'Apollon Limassol FC', 14, 7, '-0.5/1', '-0.75'),
(228, 'VĐQG Bỉ', '2023-02-18 17:15:00', 1, 'KV Oostende', 'Sporting Charleroi', 17, 12, '0/-0.5', '-0.75'),
(229, 'VĐQG Bỉ', '2023-02-18 17:15:00', 1, 'Seraing United', 'Zulte Waregem', 18, 16, '0/-0.5', '-0.75'),
(230, 'VĐQG Ma-rốc', '2023-02-18 17:15:00', 1, 'OCK Olympique de Khouribga', 'Hassania Agadir', 15, 13, '0', '0'),
(231, 'Ngoại Hạng Anh', '2023-02-18 17:30:00', 1, 'Newcastle United', 'Liverpool', 4, 9, '0', '0'),
(232, 'VĐQG Tây Ban Nha', '2023-02-18 17:30:00', 1, 'Mallorca', 'Villarreal', 10, 8, '0/-0.5', '-0.75'),
(233, 'VĐQG Đức', '2023-02-18 17:30:00', 1, 'Eintracht Frankfurt', 'Werder Bremen', 6, 9, '1', '1'),
(234, 'Hạng 2 Tây Ban Nha', '2023-02-18 17:30:00', 1, 'Leganes', 'Las Palmas', 9, 1, '0', '0'),
(235, 'Hạng 2 Tây Ban Nha', '2023-02-18 17:30:00', 1, 'SD Ponferradina', 'Levante', 19, 2, '-0.5', '-0.5'),
(236, 'VĐQG  Israel', '2023-02-18 17:30:00', 1, 'F.C. Ashdod', 'Maccabi Haifa', 8, 1, '-1', '-1'),
(237, 'VĐQG Bắc Ireland', '2023-02-18 17:30:00', 1, 'Portadown FC', 'Glenavon Lurgan', 12, 9, '-0.5/1', '-0.75'),
(238, 'VĐQG Hà Lan', '2023-02-18 17:45:00', 1, 'FC Groningen', 'Emmen', 18, 16, '0/0.5', '0.25'),
(239, 'VĐQG Bồ Đào Nha', '2023-02-18 18:00:00', 1, 'GD Estoril-Praia', 'Pacos Ferreira', 14, 18, '0/0.5', '0.25'),
(240, 'VĐQG Hy Lạp', '2023-02-18 18:00:00', 1, 'Asteras Tripolis', 'Pas Giannina', 10, 11, '0.5', '0.5'),
(241, 'VĐQG Romania', '2023-02-18 18:00:00', 1, 'Farul Constanta', 'Petrolul Ploiesti', 1, 7, '1', '1'),
(242, 'VĐQG Peru', '2023-02-18 18:00:00', 1, 'Sport Huancayo', 'Cienciano', 7, 12, '0/0.5', '0.25'),
(243, 'VĐQG Nam Phi', '2023-02-18 18:00:00', 1, 'AmaZulu', 'TS Galaxy', 6, 10, '0/0.5', '0.25'),
(244, 'VĐQG Hungary', '2023-02-18 18:30:00', 1, 'Fehervar Videoton', 'Puskas Akademia Fehervar', 10, 4, '0', '0'),
(245, 'VĐQG  Ba Lan', '2023-02-18 19:00:00', 1, 'Pogon Szczecin', 'Warta Poznan', 6, 10, '0.5', '0.5'),
(246, 'VĐQG Colombia', '2023-02-18 19:00:00', 1, 'Envigado', 'Alianza Petrolera', 5, 13, '0/0.5', '0.25'),
(247, 'Brazil Campeonato Paulista', '2023-02-18 19:00:00', 1, 'Ferroviaria SP', 'Guarani Futebol Clube', 16, 10, '0/-0.5', '-0.75'),
(248, 'Brazil Campeonato Paulista', '2023-02-18 19:00:00', 1, 'Inter de Limeira', 'Ah so Santa SP', 12, 6, '0', '0'),
(249, 'Hạng hai Đức', '2023-02-18 19:30:00', 1, 'Hansa Rostock', 'Darmstadt', 10, 1, '0/-0.5', '-0.75'),
(250, 'VĐQG Thụy Sĩ', '2023-02-18 19:30:00', 1, 'Young Boys', 'FC Lugano', 1, 4, '1', '1'),
(251, 'VĐQG Ma-rốc', '2023-02-18 19:30:00', 1, 'FUS Fath Union Sportive Rabat', 'Club Salmi', 3, 8, '0.5', '0.5'),
(252, 'VĐQG Ý', '2023-02-18 19:45:00', 1, 'Inter Milan', 'Udinese', 2, 7, '1', '1'),
(253, 'VĐQG Bỉ', '2023-02-18 19:45:00', 1, 'Saint Gilloise', 'Standard Liege', 2, 6, '1', '1'),
(254, 'VĐQG Ireland', '2023-02-18 19:45:00', 1, 'Sligo Rovers', 'Shamrock Rovers', 9, 8, '-0.5', '-0.5'),
(255, 'VĐQG Tây Ban Nha', '2023-02-18 20:00:00', 1, 'Osasuna', 'Real Madrid', 9, 2, '-0.5', '-0.5'),
(256, 'VĐQG Pháp', '2023-02-18 20:00:00', 1, 'Strasbourg', 'Angers SCO', 17, 20, '0.5', '0.5'),
(257, 'Hạng 2 Tây Ban Nha', '2023-02-18 20:00:00', 1, 'Tenerife', 'CD Mirandes', 11, 15, '0.5/1', '0.75'),
(258, 'VĐQG Hà Lan', '2023-02-18 20:00:00', 1, 'Feyenoord Rotterdam', 'AZ Alkmaar', 1, 2, '0.5/1', '0.75'),
(259, 'VĐQG Argentina', '2023-02-18 20:00:00', 1, 'Lanus', 'Rosario Central', 1, 3, '0/0.5', '0.25'),
(260, 'VĐQG Uruguay', '2023-02-18 20:00:00', 1, 'Cerro Montevideo', 'Deportivo Maldonado', 9, 4, '0/-0.5', '-0.75'),
(261, 'VĐQG Bồ Đào Nha', '2023-02-18 20:30:00', 1, 'FC Porto', 'Rio Ave', 2, 11, '2', '2'),
(262, 'VĐQG Peru', '2023-02-18 20:30:00', 1, 'Sport Boys', 'Carlos Manucci', 11, 14, '0/0.5', '0.25'),
(263, 'VĐQG Argentina', '2023-02-18 21:00:00', 1, 'Tigre', 'River Plate', 10, 5, '0/-0.5', '-0.75'),
(264, 'VĐQG Paraguay', '2023-02-18 21:00:00', 1, 'Sportivo Trinidense', 'Olimpia Asuncion', 6, 2, '-1', '-1'),
(265, 'VĐQG Chilê', '2023-02-18 21:00:00', 1, 'Cobresal', 'Nublense', 4, 7, '0/0.5', '0.25'),
(266, 'VĐQG Costa Rica', '2023-02-18 21:00:00', 1, 'Guanacasteca', 'Puntarenas', 6, 8, '0', '0'),
(267, 'VĐQG Colombia', '2023-02-18 21:10:00', 1, 'Dep.Independiente Medellin', 'America de Cali', 17, 4, '0/0.5', '0.25'),
(268, 'VĐQG Argentina', '2023-02-18 22:15:00', 1, 'Argentinos Juniors', 'Belgrano', 20, 4, '0.5', '0.5'),
(269, 'VĐQG Argentina', '2023-02-18 22:15:00', 1, 'Godoy Cruz', 'Estudiantes La Plata', 9, 25, '0', '0'),
(270, 'VĐQG Uruguay', '2023-02-18 22:45:00', 1, 'Plaza Colonia', 'Nacional Montevideo', 16, 5, '-1', '-1'),
(1841, 'VĐQG Úc', '2023-02-26 04:00:00', 1, 'Melbourne Victory FC', 'Adelaide United FC', 11, 4, '0/0.5', '0.25'),
(1842, 'VĐQG Nhật Bản', '2023-02-26 05:00:00', 1, 'Sanfrecce Hiroshima', 'Albirex Niigata', 12, 11, '0.5/1', '0.75'),
(1843, 'K-League Hàn Quốc', '2023-02-26 05:00:00', 1, 'Jeju United FC', 'Suwon FC', 5, 7, '0.5', '0.5'),
(1844, 'K-League Hàn Quốc', '2023-02-26 05:00:00', 1, 'Pohang Steelers', 'Daegu FC', 3, 9, '0.5', '0.5'),
(1845, 'VĐQG Nhật Bản', '2023-02-26 06:00:00', 1, 'Kashiwa Reysol', 'FC Tokyo', 10, 5, '0', '0'),
(1846, 'VĐQG Úc', '2023-02-26 06:00:00', 1, 'Brisbane Roar FC', 'Perth Glory FC', 12, 9, '0.5', '0.5'),
(1847, 'K-League Hàn Quốc', '2023-02-26 07:30:00', 1, 'Daejeon Citizen', 'Gangwon FC', 2, 6, '0', '0'),
(1848, 'VĐQG Indonesia', '2023-02-26 08:00:00', 1, 'Madura United', 'Persija Jakarta', 6, 3, '0', '0'),
(1849, 'VĐQG Indonesia', '2023-02-26 10:00:00', 1, 'PSS Sleman', 'Pstni', 14, 15, '0/0.5', '0.25'),
(1850, 'VĐQG Bulgaria', '2023-02-26 10:30:00', 1, 'Slavia Sofia', 'FC Hebar Pazardzhik', 5, 15, '1/1.5', '1.25'),
(1851, 'VĐQG Thái Lan', '2023-02-26 10:30:00', 1, 'Prachuap Khiri Khan', 'Buriram United', 13, 1, '-1.5', '-1.5'),
(1852, 'VĐQG Thái Lan', '2023-02-26 11:00:00', 1, 'Khonkaen United', 'Nakhon Ratchasima', 11, 14, '0/0.5', '0.25'),
(1853, 'VĐQG Hà Lan', '2023-02-26 11:15:00', 1, 'Fortuna Sittard', 'Feyenoord Rotterdam', 11, 1, '-1/1.5', '-1.25'),
(1854, 'VĐQG Ý', '2023-02-26 11:30:00', 1, 'Bologna', 'Inter Milan', 8, 2, '-0.5/1', '-0.75'),
(1855, 'VĐQG  Ba Lan', '2023-02-26 11:30:00', 1, 'Stal Mielec', 'Gornik Zabrze', 9, 15, '0/-0.5', '-0.75'),
(1856, 'VĐQG Thái Lan', '2023-02-26 11:30:00', 1, 'Bangkok United FC', 'Singhtarua FC', 2, 6, '0.5', '0.5'),
(1857, 'VĐQG Pháp', '2023-02-26 12:00:00', 1, 'Lorient', 'Auxerre', 7, 18, '0/0.5', '0.25'),
(1858, 'VĐQG Thái Lan', '2023-02-26 12:00:00', 1, 'Nong Bua Lamphu', 'Chonburi Shark FC', 16, 3, '0/-0.5', '-0.75'),
(1859, 'VĐQG Bỉ', '2023-02-26 12:30:00', 1, 'Club Brugge', 'Gent', 4, 5, '0/0.5', '0.25'),
(1860, 'VĐQG Bulgaria', '2023-02-26 12:45:00', 1, 'Botev Plovdiv', 'Beroe', 10, 11, '0.5/1', '0.75'),
(1861, 'VĐQG Uruguay', '2023-02-26 12:45:00', 1, 'Danubio FC', 'Plaza Colonia', 14, 12, '0.5', '0.5'),
(1862, 'VĐQG Tây Ban Nha', '2023-02-26 13:00:00', 1, 'Athletic Bilbao', 'Girona', 7, 11, '0.5/1', '0.75'),
(1863, 'VĐQG Đan Mạch', '2023-02-26 13:00:00', 1, 'Randers FC', 'Lyngby', 6, 12, '0.5', '0.5'),
(1864, 'VĐQG Đan Mạch', '2023-02-26 13:00:00', 1, 'AC Horsens', 'Viborg', 10, 2, '-0.5', '-0.5'),
(1865, 'VĐQG Hungary', '2023-02-26 13:00:00', 1, 'Kecskemeti TE', 'Ujpesti TE', 2, 9, '0', '0'),
(1866, 'VĐQG Thổ Nhĩ Kỳ', '2023-02-26 13:00:00', 1, 'Umraniyespor', 'Adana Demirspor', 19, 5, '0/-0.5', '-0.75'),
(1867, 'VĐQG Malaysia', '2023-02-26 13:00:00', 1, 'Negeri Sembilan', 'PB Pahang', 4, 7, '0.5', '0.5'),
(1868, 'VĐQG Thụy Sĩ', '2023-02-26 13:15:00', 1, 'FC Luzern', 'Grasshoppers', 5, 7, '0.5/1', '0.75'),
(1869, 'Ngoại Hạng Anh', '2023-02-26 13:30:00', 1, 'Tottenham Hotspur', 'Chelsea FC', 4, 10, '0', '0'),
(1870, 'VĐQG Hà Lan', '2023-02-26 13:30:00', 1, 'Vitesse Arnhem', 'Ajax Amsterdam', 13, 3, '-1', '-1'),
(1871, 'VĐQG Hà Lan', '2023-02-26 13:30:00', 1, 'Emmen', 'Go Ahead Eagles', 16, 12, '0/0.5', '0.25'),
(1872, 'VĐQG Áo', '2023-02-26 13:30:00', 1, 'Wolfsberger AC', 'Rapid Wien', 9, 5, '0/-0.5', '-0.75'),
(1873, 'VĐQG Áo', '2023-02-26 13:30:00', 1, 'Rheindorf Altach', 'WSG Wattens', 10, 6, '0/-0.5', '-0.75'),
(1874, 'VĐQG Nam Phi', '2023-02-26 13:30:00', 1, 'Chippa United FC', 'Moroka Swallows', 13, 14, '0', '0'),
(1875, 'VĐQG Ý', '2023-02-26 14:00:00', 1, 'Salernitana', 'S.S.D. Monza 1912', 16, 11, '0/-0.5', '-0.75'),
(1876, 'VĐQG Pháp', '2023-02-26 14:00:00', 1, 'Nantes', 'Stade Rennais FC', 13, 6, '0/-0.5', '-0.75'),
(1877, 'VĐQG Pháp', '2023-02-26 14:00:00', 1, 'Clermont Foot', 'Strasbourg', 12, 15, '0', '0'),
(1878, 'VĐQG Pháp', '2023-02-26 14:00:00', 1, 'Ajaccio', 'ES Troyes AC', 19, 17, '0/0.5', '0.25'),
(1879, 'VĐQG Pháp', '2023-02-26 14:00:00', 1, 'Stade Reims', 'Toulouse', 10, 11, '0/0.5', '0.25'),
(1880, 'VĐQG Hy Lạp', '2023-02-26 14:00:00', 1, 'Ionikos', 'OFI Crete', 12, 10, '0', '0'),
(1881, 'VĐQG Hy Lạp', '2023-02-26 14:00:00', 1, 'Levadiakos', 'Panaitolikos Agrinio', 13, 8, '0/0.5', '0.25'),
(1882, 'VĐQG  Ba Lan', '2023-02-26 14:00:00', 1, 'Wisla Plock', 'Pogon Szczecin', 10, 5, '0/-0.5', '-0.75'),
(1883, 'VĐQG Séc', '2023-02-26 14:00:00', 1, 'FK Baumit Jablonec', 'Teplice', 13, 14, '0.5/1', '0.75'),
(1884, 'VĐQG Séc', '2023-02-26 14:00:00', 1, 'SK Sigma Olomouc', 'Pardubice', 6, 16, '0.5/1', '0.75'),
(1885, 'VĐQG Séc', '2023-02-26 14:00:00', 1, 'Slavia Praha', 'Synot Slovacko', 2, 4, '1.5', '1.5'),
(1886, 'VĐQG Croatia', '2023-02-26 14:00:00', 1, 'Dinamo Zagreb', 'Hajduk Split', 1, 2, '0.5/1', '0.75'),
(1887, 'VĐQG Slovenia', '2023-02-26 14:00:00', 1, 'NK Maribor', 'NK Publikum Celje', 3, 2, '0/0.5', '0.25'),
(1888, 'VĐQG Ấn Độ', '2023-02-26 14:00:00', 1, 'Kerala Blasters FC', 'Hyderabad FC', 5, 2, '0', '0'),
(1889, 'VĐQG Đức', '2023-02-26 14:30:00', 1, 'SC Freiburg', 'Bayer Leverkusen', 5, 11, '0/0.5', '0.25'),
(1890, 'VĐQG Bỉ', '2023-02-26 15:00:00', 1, 'Oud Heverlee Leuven', 'Royal Antwerp FC', 11, 3, '0/-0.5', '-0.75'),
(1891, 'AFC Champions League', '2023-02-26 15:00:00', 1, 'Al-Duhail', 'Al Hilal', 1, 4, '0/-0.5', '-0.75'),
(1892, 'VĐQG Đan Mạch', '2023-02-26 15:00:00', 1, 'FC Copenhagen', 'Aalborg BK', 3, 11, '1.5', '1.5'),
(1893, 'VĐQG Síp', '2023-02-26 15:00:00', 1, 'E.N.Paralimni', 'Akritas Chloraka', 12, 14, '0.5', '0.5'),
(1894, 'VĐQG Tây Ban Nha', '2023-02-26 15:15:00', 1, 'Celta Vigo', 'Real Valladolid', 15, 16, '0.5/1', '0.75'),
(1895, 'VĐQG Bulgaria', '2023-02-26 15:15:00', 1, 'Septemvri Sofia', 'CSKA Sofia', 13, 1, '-1/1.5', '-1.25'),
(1896, 'VĐQG Bồ Đào Nha', '2023-02-26 15:30:00', 1, 'Rio Ave', 'Chaves', 13, 10, '0/0.5', '0.25'),
(1897, 'VĐQG Thụy Sĩ', '2023-02-26 15:30:00', 1, 'FC Lugano', 'Basel', 4, 6, '0', '0'),
(1898, 'VĐQG Thụy Sĩ', '2023-02-26 15:30:00', 1, 'Servette', 'Winterthur', 2, 10, '0.5/1', '0.75'),
(1899, 'VĐQG Serbia', '2023-02-26 15:30:00', 1, 'Partizan Belgrade', 'Radnicki 1923 Kragujevac', 2, 8, '1.5', '1.5'),
(1900, 'VĐQG Hungary', '2023-02-26 15:30:00', 1, 'Debreceni VSC', 'Ferencvarosi TC', 4, 1, '-1', '-1'),
(1901, 'VĐQG Hà Lan', '2023-02-26 15:45:00', 1, 'PSV Eindhoven', 'FC Twente Enschede', 4, 5, '0.5/1', '0.75'),
(1902, 'VĐQG Romania', '2023-02-26 15:45:00', 1, 'FC Voluntari', 'CS Universitatea Craiova', 13, 5, '-0.5', '-0.5'),
(1903, 'VĐQG Áo', '2023-02-26 15:59:00', 1, 'Red Bull Salzburg', 'SV Ried', 1, 11, '2/2.5', '2.25'),
(1904, 'VĐQG Thổ Nhĩ Kỳ', '2023-02-26 15:59:00', 1, 'Besiktas JK', 'Antalyaspor', 4, 13, '0.5/1', '0.75'),
(1905, 'VĐQG Pháp', '2023-02-26 16:05:00', 1, 'AS Monaco', 'Nice', 3, 9, '0.5', '0.5'),
(1906, 'VĐQG Đức', '2023-02-26 16:30:00', 1, 'Bayern Munich', 'Union Berlin', 2, 3, '1/1.5', '1.25'),
(1907, 'VĐQG  Ba Lan', '2023-02-26 16:30:00', 1, 'Slask Wroclaw', 'Lech Poznan', 11, 4, '-0.5', '-0.5'),
(1908, 'VĐQG Slovkia', '2023-02-26 16:30:00', 1, 'Zilina', 'MFK Ruzomberok', 7, 5, '0/0.5', '0.25'),
(1909, 'VĐQG Croatia', '2023-02-26 16:30:00', 1, 'NK Osijek', 'NK Varteks Varazdin', 3, 7, '0.5/1', '0.75'),
(1910, 'VĐQG Slovenia', '2023-02-26 16:30:00', 1, 'Gorica', 'Domzale', 10, 5, '0/-0.5', '-0.75'),
(1911, 'VĐQG Ý', '2023-02-26 17:00:00', 1, 'Udinese', 'Spezia', 10, 17, '0.5/1', '0.75'),
(1912, 'VĐQG Đan Mạch', '2023-02-26 17:00:00', 1, 'Aarhus AGF', 'Silkeborg IF', 5, 8, '0/0.5', '0.25'),
(1913, 'VĐQG Séc', '2023-02-26 17:00:00', 1, 'Banik Ostrava', 'Hradec Kralove', 11, 8, '0.5/1', '0.75'),
(1914, 'VĐQG Síp', '2023-02-26 17:00:00', 1, 'Nea Salamis', 'Olympiakos Nicosia FC', 7, 13, '0.5', '0.5'),
(1915, 'VĐQG Costa Rica', '2023-02-26 17:00:00', 1, 'Cartagines Deportiva SA', 'AD Grecia', 6, 11, '0.5/1', '0.75'),
(1916, 'VĐQG Ma-rốc', '2023-02-26 17:15:00', 1, 'Club Salmi', 'Maghreb Fez', 8, 9, '0/0.5', '0.25'),
(1917, 'VĐQG Tây Ban Nha', '2023-02-26 17:30:00', 1, 'Almeria', 'Barcelona', 19, 1, '-1/1.5', '-1.25'),
(1918, 'VĐQG Bỉ', '2023-02-26 17:30:00', 1, 'Anderlecht', 'Standard Liege', 9, 7, '0.5', '0.5'),
(1919, 'VĐQG Hy Lạp', '2023-02-26 17:30:00', 1, 'Aris Salonica', 'Atromitos Athens', 6, 7, '1', '1'),
(1920, 'VĐQG Bồ Đào Nha', '2023-02-26 18:00:00', 1, 'Pacos Ferreira', 'Boavista FC', 18, 11, '0', '0'),
(1921, 'VĐQG Peru', '2023-02-26 18:00:00', 1, 'Deportivo Union Comercio', 'UTC Cajamarca', 13, 7, '0/0.5', '0.25'),
(1922, 'Mexico Liga MX', '2023-02-26 18:00:00', 1, 'Toluca', 'Atletico San Luis', 5, 11, '0.5', '0.5'),
(1923, 'VĐQG Bỉ', '2023-02-26 18:15:00', 1, 'Sporting Charleroi', 'St.-Truidense VV', 12, 10, '0/0.5', '0.25'),
(1924, 'VĐQG  Israel', '2023-02-26 18:15:00', 1, 'Hapoel Jerusalem', 'Hapoel Haifa', 5, 8, '0/0.5', '0.25'),
(1925, 'VĐQG Romania', '2023-02-26 18:30:00', 1, 'SCM Argesul Pitesti', 'Steaua Bucuresti', 14, 4, '-1', '-1'),
(1926, 'VĐQG Colombia', '2023-02-26 19:00:00', 1, 'Independiente Santa Fe', 'Union Magdalena', 14, 15, '1', '1'),
(1927, 'VĐQG Ecuador', '2023-02-26 19:00:00', 1, 'Tecnico Universitario', 'Universidad Catolica', 7, 3, '0/-0.5', '-0.75'),
(1928, 'VĐQG Ma-rốc', '2023-02-26 19:30:00', 1, 'Olympique de Safi', 'Renaissance Sportive de Berkane', 5, 6, '0/0.5', '0.25'),
(1929, 'VĐQG Ý', '2023-02-26 19:45:00', 1, 'AC Milan', 'Atalanta', 4, 6, '0/0.5', '0.25'),
(1930, 'VĐQG Pháp', '2023-02-26 19:45:00', 1, 'Marseille', 'Paris Saint Germain', 2, 1, '0', '0'),
(1931, 'VĐQG Tây Ban Nha', '2023-02-26 20:00:00', 1, 'Sevilla', 'Osasuna', 13, 10, '0.5', '0.5'),
(1932, 'VĐQG Argentina', '2023-02-26 20:00:00', 1, 'Colon', 'CA Huracan', 26, 4, '0', '0'),
(1933, 'VĐQG Argentina', '2023-02-26 20:00:00', 1, 'Defensa Y Justicia', 'Atletico Tucuman', 6, 24, '0/0.5', '0.25'),
(1934, 'VĐQG Uruguay', '2023-02-26 20:00:00', 1, 'Deportivo Maldonado', 'Boston River', 5, 13, '0', '0'),
(1935, 'VĐQG Bồ Đào Nha', '2023-02-26 20:30:00', 1, 'FC Porto', 'Gil Vicente', 2, 14, '2', '2'),
(1936, 'VĐQG Peru', '2023-02-26 20:30:00', 1, 'AD Tarma', 'Deportivo Municipal', 16, 6, '0.5', '0.5'),
(1937, 'VĐQG Paraguay', '2023-02-26 20:30:00', 1, 'General Caballero', 'Sportivo Trinidense', 7, 4, '0/0.5', '0.25'),
(1938, 'VĐQG Chilê', '2023-02-26 21:00:00', 1, 'CD Magallanes', 'Cobresal', 13, 5, '0', '0'),
(1939, 'VĐQG Chilê', '2023-02-26 21:00:00', 1, 'Union La Calera', 'Nublense', 6, 7, '0/0.5', '0.25'),
(1940, 'VĐQG Costa Rica', '2023-02-26 21:00:00', 1, 'Guadalupe FC', 'Santos De Guapiles', 10, 12, '0.5', '0.5'),
(1941, 'VĐQG Colombia', '2023-02-26 21:10:00', 1, 'Deportiva Once Caldas', 'Millonarios', 19, 7, '0', '0'),
(1942, 'VĐQG Ecuador', '2023-02-26 21:30:00', 1, 'Sociedad Deportiva Aucas', 'CD El Nacional', 1, 1, '1', '1'),
(1943, 'VĐQG Costa Rica', '2023-02-26 22:00:00', 1, 'Deportivo Saprissa', 'Sporting San Jose', 2, 3, '0.5/1', '0.75'),
(1944, 'VĐQG Argentina', '2023-02-26 22:15:00', 1, 'River Plate', 'Arsenal de Sarandi', 7, 27, '1.5/2', '1.75'),
(1945, 'VĐQG Uruguay', '2023-02-26 23:00:00', 1, 'Nacional Montevideo', 'Racing Montevideo', 9, 15, '1/1.5', '1.25'),
(1946, 'VĐQG Paraguay', '2023-02-26 23:00:00', 1, 'Olimpia Asuncion', 'Guairena', 6, 8, '1/1.5', '1.25'),
(1947, 'VĐQG Costa Rica', '2023-02-26 23:15:00', 1, 'Puntarenas', 'Alajuelense', 9, 1, '0/-0.5', '-0.75'),
(1948, 'VĐQG Colombia', '2023-02-26 23:20:00', 1, 'Deportes Tolima', 'Deportivo Cali', 12, 17, '0.5/1', '0.75'),
(1949, 'VĐQG Chilê', '2023-02-26 23:30:00', 1, 'Colo Colo', 'Coquimbo Unido', 8, 14, '1/1.5', '1.25'),
(1950, 'VĐQG Peru', '2023-02-27 00:00:00', 1, 'Carlos Manucci', 'Universitario de Deportes', 10, 11, '0/-0.5', '-0.75'),
(1951, 'VĐQG Ecuador', '2023-02-27 00:00:00', 1, 'Club Sport Emelec', 'Libertad FC', 5, 2, '1.5', '1.5'),
(1952, 'VĐQG Argentina', '2023-02-27 00:30:00', 1, 'CA Banfield', 'Independiente', 25, 22, '0/0.5', '0.25'),
(1953, 'VĐQG Argentina', '2023-02-27 00:30:00', 1, 'Instituto', 'Newells Old Boys', 16, 10, '0/0.5', '0.25'),
(1954, 'VĐQG Peru', '2023-02-26 01:00:00', 1, 'Alianza Lima', 'Univ. Cesar Vallejo', 9, 5, '0.5/1', '0.75'),
(1955, 'MLS Mỹ', '2023-02-26 02:30:00', 1, 'Los Angeles Galaxy', 'Los Angeles FC', 5, 1, '0/-0.5', '-0.75'),
(1956, 'VĐQG Peru', '2023-02-26 23:00:00', 1, 'Melgar', 'Sport Boys', 18, 14, '1/1.5', '1.25'),
(1957, 'MLS Mỹ', '2023-02-27 01:00:00', 1, 'Seattle Sounders', 'Colorado Rapids', 11, 9, '0.5/1', '0.75'),
(1958, 'Mexico Liga MX', '2023-02-27 01:05:00', 1, 'Santos Laguna', 'Puebla', 12, 16, '1', '1'),
(1959, 'VĐQG Colombia', '2023-02-27 01:30:00', 1, 'Alianza Petrolera', 'Dep.Independiente Medellin', 16, 18, '0', '0'),
(1960, 'Mexico Liga MX', '2023-02-27 03:05:00', 1, 'Club Tijuana', 'Pachuca', 15, 5, '0', '0'),
(1961, 'VĐQG Indonesia', '2023-02-27 08:00:00', 1, 'Barito Putera', 'Persib Bandung', 16, 2, '-0.5', '-0.5'),
(1962, 'VĐQG Indonesia', '2023-02-27 10:00:00', 1, 'Bali United FC', 'Persis Solo FC', 4, 10, '0.5/1', '0.75'),
(1963, 'VĐQG Ukraine', '2023-02-27 11:00:00', 1, 'PFC Oleksandria', 'Metalist 1925 Kharkiv', 5, 8, '0.5', '0.5'),
(1964, 'VĐQG Armenia', '2023-02-27 11:00:00', 1, 'Ararat Yerevan', 'FC Avan Academy', 6, 2, '-0.5/1', '-0.75'),
(1965, 'VĐQG Armenia', '2023-02-27 11:00:00', 1, 'BKMA', 'FC Noah', 9, 10, '0', '0'),
(1966, 'VĐQG Serbia', '2023-02-27 13:00:00', 1, 'Partizan Belgrade', 'Radnicki 1923 Kragujevac', 2, 8, '1.5', '1.5'),
(1967, 'VĐQG Síp', '2023-02-27 13:30:00', 1, 'Apollon Limassol FC', 'AEK Larnaca', 6, 2, '0', '0'),
(1968, 'VĐQG Bulgaria', '2023-02-27 15:30:00', 1, 'Pirin Blagoevgrad', 'Cherno More Varna', 14, 6, '-0.5/1', '-0.75'),
(1969, 'VĐQG Ý', '2023-02-27 17:30:00', 1, 'Hellas Verona', 'Fiorentina', 18, 15, '0/-0.5', '-0.75'),
(1970, 'VĐQG Đan Mạch', '2023-02-27 18:00:00', 1, 'Midtjylland', 'Brondby', 4, 9, '0/0.5', '0.25'),
(1971, 'VĐQG  Israel', '2023-02-27 18:00:00', 1, 'Hapoel Beer Sheva', 'Hirnyk Kryvyi Rih', 3, 13, '1.5', '1.5'),
(1972, 'VĐQG  Ba Lan', '2023-02-27 18:00:00', 1, 'Zaglebie Lubin', 'Miedz Legnica', 14, 18, '0/0.5', '0.25'),
(1973, 'VĐQG Romania', '2023-02-27 18:00:00', 1, 'Petrolul Ploiesti', 'CFR Cluj', 8, 2, '-0.5/1', '-0.75'),
(1974, 'VĐQG Bồ Đào Nha', '2023-02-27 19:00:00', 1, 'Sporting Clube de Portugal', 'GD Estoril-Praia', 4, 15, '1.5/2', '1.75'),
(1975, 'VĐQG Ý', '2023-02-27 19:45:00', 1, 'Lazio', 'Sampdoria', 5, 19, '1/1.5', '1.25'),
(1976, 'VĐQG Tây Ban Nha', '2023-02-27 20:00:00', 1, 'Villarreal', 'Getafe', 8, 18, '0.5/1', '0.75'),
(1977, 'Hạng Nhất Anh', '2023-02-27 20:00:00', 1, 'Swansea City', 'Rotherham United', 15, 20, '1', '1'),
(1978, 'VĐQG Argentina', '2023-02-27 20:00:00', 1, 'Barracas Central', 'Gimnasia LP', 20, 21, '0', '0'),
(1979, 'VĐQG Peru', '2023-02-27 20:30:00', 1, 'Academia Deportiva Cantolao', 'Real Atletico Garcilaso', 17, 15, '0', '0'),
(1980, 'VĐQG Bồ Đào Nha', '2023-02-27 21:15:00', 1, 'Vitoria Guimaraes', 'Sporting Braga', 5, 3, '-0.5', '-0.5'),
(1981, 'VĐQG Uruguay', '2023-02-27 21:30:00', 1, 'La Luz', 'Torque', 16, 10, '0', '0'),
(1983, 'MLS Mỹ', '2023-02-28 03:00:00', 1, 'Portland Timbers', 'Sporting Kansas City', 8, 12, '0.5', '0.5'),
(1984, 'Mexico Liga MX', '2023-02-28 03:05:00', 1, 'Club Leon', 'Monterrey', 8, 1, '0', '0'),
(1985, 'VĐQG Indonesia', '2023-02-28 08:00:00', 1, 'Cilegon United', 'Persebaya Surabaya', 18, 7, '-1', '-1'),
(1986, 'VĐQG Indonesia', '2023-02-28 10:00:00', 1, 'Arema Malang', 'Persik Kediri', 12, 17, '0.5', '0.5'),
(2004, 'VĐQG Ukraine', '2023-02-28 13:00:00', 1, 'FC Mynai', 'FC Shakhtar Donetsk', 13, 2, '-1.5/2', '-1.75'),
(2005, 'VĐQG Iran', '2023-02-28 13:00:00', 1, 'Aluminium Arak', 'Mobarakeh Sepahan', 6, 1, '0/-0.5', '-0.75'),
(2006, 'VĐQG Malaysia', '2023-02-28 13:00:00', 1, 'PDRM FA', 'Perak', 14, 13, '0/0.5', '0.25'),
(2007, 'VĐQG Romania', '2023-02-28 14:00:00', 1, 'Hermannstadt', 'Universitaea Cluj', 13, 12, '0/0.5', '0.25'),
(2008, 'VĐQG Iran', '2023-02-28 14:30:00', 1, 'Sanat Naft', 'Teraktor-Sazi', 15, 5, '0/-0.5', '-0.75'),
(2009, 'VĐQG Serbia', '2023-02-28 15:00:00', 1, 'Radnicki Nis', 'Vojvodina', 12, 6, '0', '0'),
(2010, 'VĐQG Ai Cập', '2023-02-28 15:00:00', 1, 'Enppi', 'EL Masry', 14, 11, '-0.5', '-0.5'),
(2011, 'VĐQG Ai Cập', '2023-02-28 15:00:00', 1, 'Ceramica Cleopatra FC', 'NBE SC', 12, 18, '0/0.5', '0.25'),
(2012, 'VĐQG Bulgaria', '2023-02-28 15:45:00', 1, 'Levski Sofia', 'Ludogorets Razgrad', 8, 2, '0/-0.5', '-0.75'),
(2013, 'VĐQG Romania', '2023-02-28 15:59:00', 1, 'Chindia Targoviste', 'Universitatea Craiova', 10, 7, '0/-0.5', '-0.75'),
(2014, 'Cúp Nga', '2023-02-28 16:30:00', 1, 'Krasnodar FK', 'CSKA Moscow', 7, 5, '0/-0.5', '-0.75'),
(2015, 'VĐQG Serbia', '2023-02-28 17:00:00', 1, 'Radnik Surdulica', 'FK Vozdovac Beograd', 16, 7, '0.5', '0.5'),
(2016, 'Hạng Hai Thổ Nhĩ Kỳ', '2023-02-28 17:00:00', 1, 'Eyupspor', 'Bodrumspor', 2, 3, '0.5', '0.5'),
(2017, 'VĐQG Ma-rốc', '2023-02-28 17:15:00', 1, 'Maghrib Association Tetouan', 'Raja Casablanca Atlhletic', 13, 4, '-0.5', '-0.5'),
(2018, 'VĐQG Ý', '2023-02-28 17:30:00', 1, 'Cremonese', 'AS Roma', 20, 5, '-0.5/1', '-0.75'),
(2019, 'Cúp Đan Mạch', '2023-02-28 17:30:00', 1, 'FC Aarhus Fremad', 'FC Nordsjaelland', 1, 1, '-1.5', '-1.5'),
(2020, 'VĐQG Romania', '2023-02-28 18:30:00', 1, 'Farul Constanta', 'Sepsi OSK Sfantul Gheorghe', 1, 6, '0/0.5', '0.25'),
(2021, 'Cúp FA', '2023-02-28 19:15:00', 1, 'Stoke City', 'Brighton Hove Albion', 17, 8, '-1/1.5', '-1.25'),
(2022, 'Hạng 2 Ý', '2023-02-28 19:30:00', 1, 'Cosenza Calcio 1914', 'Reggina', 20, 4, '-0.5', '-0.5'),
(2023, 'Hạng 2 Ý', '2023-02-28 19:30:00', 1, 'Palermo', 'Ternana', 9, 11, '0.5', '0.5'),
(2024, 'Hạng 2 Ý', '2023-02-28 19:30:00', 1, 'Parma', 'Pisa', 7, 6, '0.5', '0.5'),
(2025, 'Cúp FA', '2023-02-28 19:30:00', 1, 'Leicester City', 'Blackburn Rovers', 14, 4, '1.5', '1.5'),
(2026, 'VĐQG Ma-rốc', '2023-02-28 19:30:00', 1, 'Wydad', 'OCK Olympique de Khouribga', 3, 15, '1/1.5', '1.25'),
(2027, 'VĐQG Ý', '2023-02-28 19:45:00', 1, 'Juventus', 'Torino', 8, 10, '0.5/1', '0.75'),
(2028, 'Hạng Nhất Anh', '2023-02-28 19:45:00', 1, 'Preston North End', 'Coventry', 11, 14, '0', '0'),
(2029, 'England League 1', '2023-02-28 19:45:00', 1, 'Lincoln City', 'Milton Keynes Dons', 15, 22, '0/0.5', '0.25'),
(2030, 'England League 1', '2023-02-28 19:45:00', 1, 'Portsmouth', 'Bolton Wanderers', 10, 4, '0', '0'),
(2031, 'England League 1', '2023-02-28 19:45:00', 1, 'Derby County', 'Cheltenham Town', 6, 19, '1/1.5', '1.25'),
(2032, 'England League 1', '2023-02-28 19:45:00', 1, 'Peterborough United', 'Charlton Athletic', 9, 14, '0.5/1', '0.75'),
(2033, 'Giải Hạng hai Anh', '2023-02-28 19:45:00', 1, 'Gillingham', 'Bradford AFC', 20, 8, '0', '0'),
(2034, 'Giải Hạng hai Anh', '2023-02-28 19:45:00', 1, 'Harrogate Town', 'Northampton Town', 21, 4, '-0.5', '-0.5'),
(2035, 'Giải Hạng hai Anh', '2023-02-28 19:45:00', 1, 'AFC Wimbledon', 'Stevenage Borough', 15, 3, '-0.5', '-0.5'),
(2036, 'Giải Hạng hai Anh', '2023-02-28 19:45:00', 1, 'Tranmere Rovers', 'Crawley Town', 13, 23, '0.5/1', '0.75'),
(2037, 'Giải Hạng hai Anh', '2023-02-28 19:45:00', 1, 'Barrow', 'Salford City', 11, 6, '0', '0'),
(2038, 'Cúp FA', '2023-02-28 19:45:00', 1, 'Fulham', 'Leeds United', 6, 17, '0/0.5', '0.25'),
(2039, 'Scotland Championship', '2023-02-28 19:45:00', 1, 'Dundee', 'Partick Thistle', 2, 5, '0.5/1', '0.75'),
(2040, 'VĐQG Bắc Ireland', '2023-02-28 19:45:00', 1, 'Glentoran FC', 'Glenavon Lurgan', 6, 9, '1.5', '1.5'),
(2041, 'Cúp Bỉ', '2023-02-28 19:45:00', 1, 'KV Mechelen', 'Zulte Waregem', 13, 16, '0/0.5', '0.25'),
(2042, 'Hạng Nhất Anh', '2023-02-28 20:00:00', 1, 'Luton Town', 'Millwall', 6, 5, '0/0.5', '0.25'),
(2043, 'Cúp FA', '2023-02-28 20:00:00', 1, 'Bristol City', 'Manchester City', 12, 2, '-2/2.5', '-2.25'),
(2044, 'Cúp Pháp', '2023-02-28 20:10:00', 1, 'Lyonnais', 'Grenoble', 9, 7, '1.5', '1.5'),
(2045, 'Copa Libertadores', '2023-02-28 22:00:00', 1, 'Cerro Porteno', 'Curico Unido', 3, 13, '1', '1'),
(2046, 'Copa Libertadores', '2023-03-01 00:00:00', 1, 'Sporting Cristal', 'FC Nacional Asuncion', 2, 6, '0.5/1', '0.75'),
(2047, 'Recopa Sudamericana', '2023-03-01 00:30:00', 1, 'Flamengo', 'Independiente Jose Teran', 5, 6, '1.5', '1.5'),
(2048, 'VĐQG Indonesia', '2023-03-01 08:00:00', 1, 'PSM Makassar', 'Dewa United FC', 1, 14, '1/1.5', '1.25'),
(2049, 'VĐQG Indonesia', '2023-03-01 10:00:00', 1, 'Bhayangkara Solo FC', 'PSIS Semarang', 8, 9, '0.5/1', '0.75'),
(2050, 'VĐQG Armenia', '2023-03-01 11:00:00', 1, 'FC Pyunik', 'Shirak', 3, 8, '1/1.5', '1.25'),
(2051, 'VĐQG Armenia', '2023-03-01 11:00:00', 1, 'Banants', 'FK Van Charentsavan', 1, 5, '1', '1'),
(2052, 'VĐQG Serbia', '2023-03-01 13:00:00', 1, 'Mladost Novi Sad', 'FK Napredak Krusevac', 15, 11, '0/0.5', '0.25'),
(2053, 'VĐQG Tunisia', '2023-03-01 13:30:00', 1, 'Club Africain', 'Olympique de Beja', 4, 3, '0.5', '0.5'),
(2054, 'VĐQG Tunisia', '2023-03-01 13:30:00', 1, 'ES du Sahel', 'Club Sportif Sfaxien', 2, 5, '1', '1'),
(2055, 'VĐQG Romania', '2023-03-01 14:00:00', 1, 'CS Mioveni', 'FC Voluntari', 16, 11, '0', '0'),
(2056, 'VĐQG Serbia', '2023-03-01 15:00:00', 1, 'Spartak Subotica', 'Novi Pazar', 14, 5, '0', '0'),
(2057, 'VĐQG Romania', '2023-03-01 16:00:00', 1, 'CS Universitatea Craiova', 'SCM Argesul Pitesti', 5, 14, '1', '1'),
(2058, 'VĐQG Serbia', '2023-03-01 17:00:00', 1, 'Mladost Lucani', 'Cukaricki', 13, 4, '-0.5', '-0.5'),
(2059, 'Cúp Nga', '2023-03-01 17:00:00', 1, 'Dinamo Moscow', 'Krylya Sovetov Samara', 4, 11, '0.5/1', '0.75'),
(2060, 'Cúp Pháp', '2023-03-01 17:15:00', 1, 'Nantes', 'Lens', 13, 4, '-0.5', '-0.5'),
(2061, 'Cúp Pháp', '2023-03-01 17:45:00', 1, 'Toulouse', 'Rodez Aveyron', 11, 20, '1.5', '1.5'),
(2062, 'VĐQG Romania', '2023-03-01 18:30:00', 1, 'FC Botosani', 'FC Rapid Bucuresti', 9, 4, '0/-0.5', '-0.75'),
(2063, 'Cúp QG Hà Lan', '2023-03-01 19:00:00', 1, 'SC Heerenveen', 'Feyenoord Rotterdam', 10, 1, '-0.5/1', '-0.75'),
(2064, 'Cúp Đan Mạch', '2023-03-01 19:00:00', 1, 'FC Copenhagen', 'Vejle', 3, 1, '1', '1'),
(2065, 'Cúp FA', '2023-03-01 19:15:00', 1, 'Southampton', 'Grimsby Town', 20, 16, '1.5', '1.5'),
(2066, 'Hạng 2 Ý', '2023-03-01 19:30:00', 1, 'Cittadella', 'Brescia', 13, 19, '0/0.5', '0.25'),
(2067, 'Hạng 2 Ý', '2023-03-01 19:30:00', 1, 'FC Bari 1908', 'Venezia F.C.', 3, 16, '0/0.5', '0.25'),
(2068, 'Hạng 2 Ý', '2023-03-01 19:30:00', 1, 'Perugia', 'Como', 15, 14, '0/0.5', '0.25'),
(2069, 'Hạng 2 Ý', '2023-03-01 19:30:00', 1, 'Benevento', 'Alto Adige/Sudtirol', 17, 5, '0/0.5', '0.25'),
(2070, 'Hạng 2 Ý', '2023-03-01 19:30:00', 1, 'Modena', 'Ascoli', 10, 12, '0/0.5', '0.25'),
(2071, 'Hạng 2 Ý', '2023-03-01 19:30:00', 1, 'Spal', 'Frosinone', 18, 1, '-0.5', '-0.5'),
(2072, 'Hạng 2 Ý', '2023-03-01 19:30:00', 1, 'Cagliari', 'Genoa', 8, 2, '0', '0'),
(2073, 'Cúp FA', '2023-03-01 19:30:00', 1, 'Burnley', 'Fleetwood Town', 1, 11, '1.5', '1.5'),
(2074, 'Ngoại Hạng Anh', '2023-03-01 19:45:00', 1, 'Arsenal', 'Everton', 1, 18, '1.5', '1.5'),
(2075, 'Cúp FA', '2023-03-01 19:45:00', 1, 'Manchester United', 'West Ham United', 3, 16, '1', '1'),
(2076, 'Cúp FA', '2023-03-01 19:55:00', 1, 'Sheffield United', 'Tottenham Hotspur', 2, 4, '-0.5/1', '-0.75'),
(2077, 'Ngoại Hạng Anh', '2023-03-01 20:00:00', 1, 'Liverpool', 'Wolves', 7, 15, '1', '1'),
(2078, 'Cúp Pháp', '2023-03-01 20:00:00', 1, 'Marseille', 'Annecy', 2, 10, '2', '2'),
(2079, 'VĐQG Honduras', '2023-03-02 00:00:00', 2, 'Real Sociedad Tocoa', 'CD Olimpia', 9, 1, '-1.5', '-1.5'),
(2080, 'Siêu Cúp Argentina', '2023-03-02 00:15:00', 2, 'Boca Juniors', 'Patronato Parana', 6, 15, '1', '1'),
(2081, 'Copa Libertadores', '2023-03-02 00:30:00', 2, 'Atletico Mineiro', 'Carabobo FC', 6, 9, '2/2.5', '2.25'),
(2082, 'Cúp Brazil', '2023-03-02 00:30:00', 2, 'Caldense MG', 'Ceara', 11, 1, '-1', '-1'),
(2083, 'Cúp Brazil', '2023-03-02 00:30:00', 2, 'EC Jacuipense', 'Bahia(BA)', 2, 1, '-1', '-1'),
(2084, 'Cúp Brazil', '2023-03-02 00:30:00', 2, 'Reet', 'Avai FC (SC)', 2, 4, '0', '0'),
(2085, 'VĐQG El Salvador', '2023-03-02 01:00:00', 2, 'CD FAS', 'Luis Angel Firpo', 6, 3, '1', '1'),
(2086, 'VĐQG Guatemala', '2023-03-02 01:00:00', 2, 'Club Comunicaciones', 'CSD Xelaju MC', 2, 1, '1', '1'),
(2087, 'VĐQG Honduras', '2023-03-02 01:00:00', 2, 'CD Motagua', 'UPNFM', 6, 2, '0.5/1', '0.75'),
(2088, 'VĐQG Honduras', '2023-03-02 01:15:00', 2, 'Honduras Progreso', 'CD Vida', 10, 8, '0', '0'),
(2089, 'VĐQG El Salvador', '2023-03-02 01:30:00', 2, 'Alianza FC', 'Isidro Metapan', 1, 7, '1', '1'),
(2090, 'VĐQG Honduras', '2023-03-02 01:30:00', 2, 'CD Victoria', 'Real Espana', 7, 5, '0/-0.5', '-0.75'),
(2091, 'VĐQG Guatemala', '2023-03-02 03:00:00', 2, 'Antigua GFC', 'CSD Municipal', 6, 4, '0.5', '0.5'),
(2092, 'VĐQG Indonesia', '2023-03-02 08:00:00', 2, 'Persita Tangerang', 'PSS Sleman', 11, 15, '0/0.5', '0.25'),
(2093, 'VĐQG Serbia', '2023-03-02 13:00:00', 2, 'Radnicki 1923 Kragujevac', 'Backa Topola', 8, 3, '0/-0.5', '-0.75'),
(2094, 'VĐQG Ả Rập Xê Út', '2023-03-02 13:00:00', 2, 'Al-Feiha', 'Abha', 11, 9, '0/0.5', '0.25'),
(2095, 'VĐQG Ả Rập Xê Út', '2023-03-02 13:00:00', 2, 'Al-Fateh SC', 'Al-Tai', 6, 8, '0.5/1', '0.75'),
(2096, 'VĐQG UAE', '2023-03-02 13:30:00', 2, 'Al Ain', 'Dabba Al-Fujairah', 3, 14, '2/2.5', '2.25'),
(2097, 'VĐQG UAE', '2023-03-02 13:30:00', 2, 'Al Bataeh', 'Khor Fakkan', 11, 10, '0/-0.5', '-0.75'),
(2098, 'VĐQG Tunisia', '2023-03-02 13:30:00', 2, 'US Ben Guerdane', 'Esperance Tunis', 2, 1, '-1', '-1'),
(2099, 'VĐQG Tunisia', '2023-03-02 13:30:00', 2, 'U.S.Monastir', 'US Tataouine', 1, 3, '1', '1'),
(2100, 'VĐQG Qatar', '2023-03-02 13:55:00', 2, 'Al Rayyan', 'Umm Salal', 9, 12, '0.5/1', '0.75'),
(2101, 'VĐQG Qatar', '2023-03-02 13:55:00', 2, 'Al-Shamal', 'Qatar SC', 10, 4, '-0.5', '-0.5'),
(2102, 'VĐQG Romania', '2023-03-02 15:00:00', 2, 'CFR Cluj', 'UTA Arad', 2, 15, '1/1.5', '1.25'),
(2103, 'VĐQG UAE', '2023-03-02 16:15:00', 2, 'Ittihad Kalba', 'Al Ahli Dubai', 8, 1, '-0.5/1', '-0.75'),
(2104, 'VĐQG UAE', '2023-03-02 16:15:00', 2, 'Baniyas', 'Ajman Club', 9, 7, '0/0.5', '0.25'),
(2105, 'VĐQG Qatar', '2023-03-02 16:30:00', 2, 'Al-Duhail', 'Al-Arabi SC', 1, 2, '0.5', '0.5'),
(2106, 'VĐQG Serbia', '2023-03-02 17:00:00', 2, 'Kolubara', 'FK Javor Ivanjica', 9, 10, '0', '0'),
(2107, 'Cúp Đan Mạch', '2023-03-02 17:00:00', 2, 'Aalborg BK', 'Viborg', 11, 2, '0/-0.5', '-0.75'),
(2108, 'VĐQG Ả Rập Xê Út', '2023-03-02 17:30:00', 2, 'Al Wehda Mecca', 'Al Hilal', 13, 4, '-1.5', '-1.5'),
(2109, 'Cúp QG Hà Lan', '2023-03-02 17:45:00', 2, 'PSV Eindhoven', 'ADO Den Haag', 4, 11, '2/2.5', '2.25'),
(2110, 'VĐQG Romania', '2023-03-02 18:00:00', 2, 'Steaua Bucuresti', 'Petrolul Ploiesti', 3, 8, '1/1.5', '1.25'),
(2111, 'Cúp nhà vua Tây Ban Nha', '2023-03-02 20:00:00', 2, 'Real Madrid', 'Barcelona', 2, 1, '0.5', '0.5'),
(2112, 'Cúp QG Hà Lan', '2023-03-02 20:00:00', 2, 'De Graafschap', 'Ajax Amsterdam', 13, 2, '-2/2.5', '-2.25');

-- --------------------------------------------------------

--
-- Cấu trúc bảng cho bảng `random_list`
--

CREATE TABLE `random_list` (
  `entity_id` int NOT NULL,
  `match_count` int NOT NULL,
  `odd` varchar(200) NOT NULL,
  `result` int NOT NULL
) ENGINE=InnoDB DEFAULT CHARSET=utf8mb4 COLLATE=utf8mb4_0900_ai_ci;

--
-- Đang đổ dữ liệu cho bảng `random_list`
--

INSERT INTO `random_list` (`entity_id`, `match_count`, `odd`, `result`) VALUES
(1, 4, '0.5', 1),
(2, 4, '0.5', 1),
(3, 4, '0.5', 1),
(4, 4, '0.5', 1),
(5, 4, '0.5', 1),
(6, 4, '0.5', 1),
(7, 4, '0.5', 1),
(8, 4, '0.5', 1),
(71, 4, '0.5', 0),
(72, 4, '0.5', 0),
(73, 4, '0.5', 0),
(74, 4, '0.5', 0),
(75, 4, '0.5', 0),
(76, 4, '0.5', 0),
(77, 4, '0.5', 0),
(78, 4, '0.5', 0),
(79, 4, '0.5', 0),
(80, 4, '0.5', 0),
(81, 4, '0.5', 0),
(82, 4, '0.5', 0),
(83, 4, '0.5', 0),
(84, 4, '0.5', 0),
(85, 4, '0.5', 0),
(86, 4, '0.5', 0),
(87, 4, '0.5', 0),
(92, 3, '0.5', 0),
(93, 3, '0.5', 0),
(94, 3, '0.5', 0);

-- --------------------------------------------------------

--
-- Cấu trúc bảng cho bảng `random_list_item`
--

CREATE TABLE `random_list_item` (
  `entity_id` int NOT NULL,
  `list_id` int NOT NULL,
  `match_id` int NOT NULL
) ENGINE=InnoDB DEFAULT CHARSET=utf8mb4 COLLATE=utf8mb4_0900_ai_ci;

--
-- Đang đổ dữ liệu cho bảng `random_list_item`
--

INSERT INTO `random_list_item` (`entity_id`, `list_id`, `match_id`) VALUES
(1, 1, 2),
(2, 1, 29),
(3, 1, 72),
(4, 1, 87),
(5, 2, 8),
(6, 2, 62),
(7, 2, 77),
(8, 2, 88),
(9, 3, 7),
(10, 3, 43),
(11, 3, 55),
(12, 3, 66),
(13, 4, 28),
(14, 4, 157),
(15, 4, 224),
(16, 4, 268),
(17, 5, 36),
(18, 5, 59),
(19, 5, 76),
(20, 5, 197),
(21, 6, 18),
(22, 6, 139),
(23, 6, 235),
(24, 6, 255),
(25, 7, 27),
(26, 7, 118),
(27, 7, 183),
(28, 7, 245),
(29, 8, 38),
(30, 8, 136),
(31, 8, 204),
(32, 8, 254),
(329, 83, 1843),
(330, 83, 1863),
(331, 83, 1905),
(332, 83, 1940),
(333, 84, 1844),
(334, 84, 1851),
(335, 84, 1931),
(336, 84, 1951),
(337, 85, 1846),
(338, 85, 1856),
(339, 85, 1918),
(340, 85, 1936),
(341, 86, 1867),
(342, 86, 1966),
(343, 86, 1971),
(344, 86, 1980),
(345, 87, 1864),
(346, 87, 1899),
(347, 87, 1961),
(348, 87, 1963),
(365, 92, 2010),
(366, 92, 2017),
(367, 92, 2023),
(368, 93, 2053),
(369, 93, 2060),
(370, 93, 2071),
(371, 94, 2101),
(372, 94, 2105),
(373, 94, 2111);

--
-- Chỉ mục cho các bảng đã đổ
--

--
-- Chỉ mục cho bảng `club_entity`
--
ALTER TABLE `club_entity`
  ADD PRIMARY KEY (`entity_id`),
  ADD UNIQUE KEY `name` (`name`);

--
-- Chỉ mục cho bảng `eav_entity_type`
--
ALTER TABLE `eav_entity_type`
  ADD PRIMARY KEY (`entity_type_id`);

--
-- Chỉ mục cho bảng `league_club`
--
ALTER TABLE `league_club`
  ADD PRIMARY KEY (`league_id`,`club_id`),
  ADD KEY `club_id` (`club_id`);

--
-- Chỉ mục cho bảng `league_entity`
--
ALTER TABLE `league_entity`
  ADD PRIMARY KEY (`entity_id`),
  ADD UNIQUE KEY `name_2` (`name`),
  ADD KEY `name` (`name`);

--
-- Chỉ mục cho bảng `less_position_but_higher_odd_match`
--
ALTER TABLE `less_position_but_higher_odd_match`
  ADD PRIMARY KEY (`entity_id`),
  ADD UNIQUE KEY `datetime` (`datetime`,`home_name`,`away_name`);

--
-- Chỉ mục cho bảng `match_result_entity`
--
ALTER TABLE `match_result_entity`
  ADD PRIMARY KEY (`entity_id`),
  ADD UNIQUE KEY `datetime` (`datetime`,`home_name`,`away_name`),
  ADD KEY `home_club_id` (`home_club_id`),
  ADD KEY `away_club_id` (`away_club_id`),
  ADD KEY `league_id` (`league_id`);

--
-- Chỉ mục cho bảng `new_match_today`
--
ALTER TABLE `new_match_today`
  ADD PRIMARY KEY (`entity_id`),
  ADD UNIQUE KEY `datetime` (`datetime`,`home_name`,`away_name`);

--
-- Chỉ mục cho bảng `random_list`
--
ALTER TABLE `random_list`
  ADD PRIMARY KEY (`entity_id`);

--
-- Chỉ mục cho bảng `random_list_item`
--
ALTER TABLE `random_list_item`
  ADD PRIMARY KEY (`entity_id`),
  ADD UNIQUE KEY `list_id` (`list_id`,`match_id`),
  ADD KEY `match_id` (`match_id`);

--
-- AUTO_INCREMENT cho các bảng đã đổ
--

--
-- AUTO_INCREMENT cho bảng `club_entity`
--
ALTER TABLE `club_entity`
  MODIFY `entity_id` int NOT NULL AUTO_INCREMENT, AUTO_INCREMENT=3;

--
-- AUTO_INCREMENT cho bảng `eav_entity_type`
--
ALTER TABLE `eav_entity_type`
  MODIFY `entity_type_id` smallint NOT NULL AUTO_INCREMENT, AUTO_INCREMENT=3;

--
-- AUTO_INCREMENT cho bảng `league_entity`
--
ALTER TABLE `league_entity`
  MODIFY `entity_id` int NOT NULL AUTO_INCREMENT, AUTO_INCREMENT=234;

--
-- AUTO_INCREMENT cho bảng `less_position_but_higher_odd_match`
--
ALTER TABLE `less_position_but_higher_odd_match`
  MODIFY `entity_id` int NOT NULL AUTO_INCREMENT, AUTO_INCREMENT=907;

--
-- AUTO_INCREMENT cho bảng `match_result_entity`
--
ALTER TABLE `match_result_entity`
  MODIFY `entity_id` int NOT NULL AUTO_INCREMENT, AUTO_INCREMENT=796;

--
-- AUTO_INCREMENT cho bảng `new_match_today`
--
ALTER TABLE `new_match_today`
  MODIFY `entity_id` int NOT NULL AUTO_INCREMENT, AUTO_INCREMENT=2113;

--
-- AUTO_INCREMENT cho bảng `random_list`
--
ALTER TABLE `random_list`
  MODIFY `entity_id` int NOT NULL AUTO_INCREMENT, AUTO_INCREMENT=95;

--
-- AUTO_INCREMENT cho bảng `random_list_item`
--
ALTER TABLE `random_list_item`
  MODIFY `entity_id` int NOT NULL AUTO_INCREMENT, AUTO_INCREMENT=374;

--
-- Các ràng buộc cho các bảng đã đổ
--

--
-- Các ràng buộc cho bảng `league_club`
--
ALTER TABLE `league_club`
  ADD CONSTRAINT `league_club_ibfk_1` FOREIGN KEY (`league_id`) REFERENCES `league_entity` (`entity_id`) ON DELETE CASCADE,
  ADD CONSTRAINT `league_club_ibfk_2` FOREIGN KEY (`club_id`) REFERENCES `club_entity` (`entity_id`) ON DELETE CASCADE;

--
-- Các ràng buộc cho bảng `match_result_entity`
--
ALTER TABLE `match_result_entity`
  ADD CONSTRAINT `match_result_entity_ibfk_1` FOREIGN KEY (`home_club_id`) REFERENCES `club_entity` (`entity_id`) ON DELETE CASCADE,
  ADD CONSTRAINT `match_result_entity_ibfk_2` FOREIGN KEY (`home_club_id`) REFERENCES `club_entity` (`entity_id`) ON DELETE CASCADE,
  ADD CONSTRAINT `match_result_entity_ibfk_3` FOREIGN KEY (`away_club_id`) REFERENCES `club_entity` (`entity_id`) ON DELETE CASCADE,
  ADD CONSTRAINT `match_result_entity_ibfk_4` FOREIGN KEY (`league_id`) REFERENCES `league_entity` (`entity_id`) ON DELETE CASCADE;

--
-- Các ràng buộc cho bảng `random_list_item`
--
ALTER TABLE `random_list_item`
  ADD CONSTRAINT `random_list_item_ibfk_1` FOREIGN KEY (`list_id`) REFERENCES `random_list` (`entity_id`) ON DELETE CASCADE,
  ADD CONSTRAINT `random_list_item_ibfk_2` FOREIGN KEY (`match_id`) REFERENCES `new_match_today` (`entity_id`) ON DELETE CASCADE;
COMMIT;

/*!40101 SET CHARACTER_SET_CLIENT=@OLD_CHARACTER_SET_CLIENT */;
/*!40101 SET CHARACTER_SET_RESULTS=@OLD_CHARACTER_SET_RESULTS */;
/*!40101 SET COLLATION_CONNECTION=@OLD_COLLATION_CONNECTION */;
